canonical_path,relative_to_project,bytes,extension,included_in_handoff,reason
D:\Gamer File\My Work\The PhD\Extra\Nframe\nframe_cms_stage2_event_boundary\data\cmssw_filelists\cms_jetht_run2016g_collision_container.txt,data\cmssw_filelists\cms_jetht_run2016g_collision_container.txt,54,.txt,False,raw/intermediate data retained locally; use manifests or documented remote access
D:\Gamer File\My Work\The PhD\Extra\Nframe\nframe_cms_stage2_event_boundary\data\cmssw_filelists\cms_jetht_run2016g_collision_windows.txt,data\cmssw_filelists\cms_jetht_run2016g_collision_windows.txt,110,.txt,False,raw/intermediate data retained locally; use manifests or documented remote access
D:\Gamer File\My Work\The PhD\Extra\Nframe\nframe_cms_stage2_event_boundary\data\cmssw_filelists\cms_met_run2016g_collision_container.txt,data\cmssw_filelists\cms_met_run2016g_collision_container.txt,54,.txt,False,raw/intermediate data retained locally; use manifests or documented remote access
D:\Gamer File\My Work\The PhD\Extra\Nframe\nframe_cms_stage2_event_boundary\data\cmssw_filelists\cms_met_run2016g_collision_windows.txt,data\cmssw_filelists\cms_met_run2016g_collision_windows.txt,108,.txt,False,raw/intermediate data retained locally; use manifests or documented remote access
D:\Gamer File\My Work\The PhD\Extra\Nframe\nframe_cms_stage2_event_boundary\data\cmssw_filelists\cms_singlemuon_run2016g_collision_container.txt,data\cmssw_filelists\cms_singlemuon_run2016g_collision_container.txt,54,.txt,False,raw/intermediate data retained locally; use manifests or documented remote access
D:\Gamer File\My Work\The PhD\Extra\Nframe\nframe_cms_stage2_event_boundary\data\cmssw_filelists\cms_singlemuon_run2016g_collision_windows.txt,data\cmssw_filelists\cms_singlemuon_run2016g_collision_windows.txt,115,.txt,False,raw/intermediate data retained locally; use manifests or documented remote access
D:\Gamer File\My Work\The PhD\Extra\Nframe\nframe_cms_stage2_event_boundary\data\cmssw_filelists\sms_t5wg_mg1500_mlsp1_signal_container.txt,data\cmssw_filelists\sms_t5wg_mg1500_mlsp1_signal_container.txt,54,.txt,False,raw/intermediate data retained locally; use manifests or documented remote access
D:\Gamer File\My Work\The PhD\Extra\Nframe\nframe_cms_stage2_event_boundary\data\cmssw_filelists\sms_t5wg_mg1500_mlsp1_signal_windows.txt,data\cmssw_filelists\sms_t5wg_mg1500_mlsp1_signal_windows.txt,110,.txt,False,raw/intermediate data retained locally; use manifests or documented remote access
D:\Gamer File\My Work\The PhD\Extra\Nframe\nframe_cms_stage2_event_boundary\data\cmssw_filelists\susy_htoaa4b_m12_signal_container.txt,data\cmssw_filelists\susy_htoaa4b_m12_signal_container.txt,54,.txt,False,raw/intermediate data retained locally; use manifests or documented remote access
D:\Gamer File\My Work\The PhD\Extra\Nframe\nframe_cms_stage2_event_boundary\data\cmssw_filelists\susy_htoaa4b_m12_signal_windows.txt,data\cmssw_filelists\susy_htoaa4b_m12_signal_windows.txt,105,.txt,False,raw/intermediate data retained locally; use manifests or documented remote access
D:\Gamer File\My Work\The PhD\Extra\Nframe\nframe_cms_stage2_event_boundary\data\filelists_real_collision_20gb\cms_jetht_run2016g_collision_files.txt,data\filelists_real_collision_20gb\cms_jetht_run2016g_collision_files.txt,520,.txt,False,raw/intermediate data retained locally; use manifests or documented remote access
D:\Gamer File\My Work\The PhD\Extra\Nframe\nframe_cms_stage2_event_boundary\data\filelists_real_collision_20gb\cms_met_run2016g_collision_files.txt,data\filelists_real_collision_20gb\cms_met_run2016g_collision_files.txt,384,.txt,False,raw/intermediate data retained locally; use manifests or documented remote access
D:\Gamer File\My Work\The PhD\Extra\Nframe\nframe_cms_stage2_event_boundary\data\filelists_real_collision_20gb\cms_singlemuon_run2016g_collision_files.txt,data\filelists_real_collision_20gb\cms_singlemuon_run2016g_collision_files.txt,270,.txt,False,raw/intermediate data retained locally; use manifests or documented remote access
D:\Gamer File\My Work\The PhD\Extra\Nframe\nframe_cms_stage2_event_boundary\data\filelists_real_collision_20gb_container\cms_jetht_run2016g_collision_files.txt,data\filelists_real_collision_20gb_container\cms_jetht_run2016g_collision_files.txt,336,.txt,False,raw/intermediate data retained locally; use manifests or documented remote access
D:\Gamer File\My Work\The PhD\Extra\Nframe\nframe_cms_stage2_event_boundary\data\filelists_real_collision_20gb_container\cms_met_run2016g_collision_files.txt,data\filelists_real_collision_20gb_container\cms_met_run2016g_collision_files.txt,246,.txt,False,raw/intermediate data retained locally; use manifests or documented remote access
D:\Gamer File\My Work\The PhD\Extra\Nframe\nframe_cms_stage2_event_boundary\data\filelists_real_collision_20gb_container\cms_singlemuon_run2016g_collision_files.txt,data\filelists_real_collision_20gb_container\cms_singlemuon_run2016g_collision_files.txt,178,.txt,False,raw/intermediate data retained locally; use manifests or documented remote access
D:\Gamer File\My Work\The PhD\Extra\Nframe\nframe_cms_stage2_event_boundary\data\interim\non_docker_real_collision_cms_jetht_run2016g_collision_event_features.csv,data\interim\non_docker_real_collision_cms_jetht_run2016g_collision_event_features.csv,70242024,.csv,False,raw/intermediate data retained locally; use manifests or documented remote access
D:\Gamer File\My Work\The PhD\Extra\Nframe\nframe_cms_stage2_event_boundary\data\interim\non_docker_real_collision_cms_met_run2016g_collision_event_features.csv,data\interim\non_docker_real_collision_cms_met_run2016g_collision_event_features.csv,160466485,.csv,False,raw/intermediate data retained locally; use manifests or documented remote access
D:\Gamer File\My Work\The PhD\Extra\Nframe\nframe_cms_stage2_event_boundary\data\interim\non_docker_real_collision_cms_singlemuon_run2016g_collision_event_features.csv,data\interim\non_docker_real_collision_cms_singlemuon_run2016g_collision_event_features.csv,248568439,.csv,False,raw/intermediate data retained locally; use manifests or documented remote access
D:\Gamer File\My Work\The PhD\Extra\Nframe\nframe_cms_stage2_event_boundary\data\interim\uproot_partial_cms_jetht_run2016g_collision_partial_events.csv,data\interim\uproot_partial_cms_jetht_run2016g_collision_partial_events.csv,4400730,.csv,False,raw/intermediate data retained locally; use manifests or documented remote access
D:\Gamer File\My Work\The PhD\Extra\Nframe\nframe_cms_stage2_event_boundary\data\interim\uproot_partial_cms_met_run2016g_collision_partial_events.csv,data\interim\uproot_partial_cms_met_run2016g_collision_partial_events.csv,20925876,.csv,False,raw/intermediate data retained locally; use manifests or documented remote access
D:\Gamer File\My Work\The PhD\Extra\Nframe\nframe_cms_stage2_event_boundary\data\interim\uproot_partial_cms_singlemuon_run2016g_collision_partial_events.csv,data\interim\uproot_partial_cms_singlemuon_run2016g_collision_partial_events.csv,44368642,.csv,False,raw/intermediate data retained locally; use manifests or documented remote access
D:\Gamer File\My Work\The PhD\Extra\Nframe\nframe_cms_stage2_event_boundary\data\interim\uproot_partial_sms_t5wg_mg1500_mlsp1_signal_partial_events.csv,data\interim\uproot_partial_sms_t5wg_mg1500_mlsp1_signal_partial_events.csv,7692994,.csv,False,raw/intermediate data retained locally; use manifests or documented remote access
D:\Gamer File\My Work\The PhD\Extra\Nframe\nframe_cms_stage2_event_boundary\data\interim\uproot_partial_susy_htoaa4b_m12_signal_partial_events.csv,data\interim\uproot_partial_susy_htoaa4b_m12_signal_partial_events.csv,587154,.csv,False,raw/intermediate data retained locally; use manifests or documented remote access
D:\Gamer File\My Work\The PhD\Extra\Nframe\nframe_cms_stage2_event_boundary\data\interim\uproot_real_collision_partial_cms_jetht_run2016g_collision_partial_events.csv,data\interim\uproot_real_collision_partial_cms_jetht_run2016g_collision_partial_events.csv,57187141,.csv,False,raw/intermediate data retained locally; use manifests or documented remote access
D:\Gamer File\My Work\The PhD\Extra\Nframe\nframe_cms_stage2_event_boundary\data\interim\uproot_real_collision_partial_cms_met_run2016g_collision_partial_events.csv,data\interim\uproot_real_collision_partial_cms_met_run2016g_collision_partial_events.csv,129995772,.csv,False,raw/intermediate data retained locally; use manifests or documented remote access
D:\Gamer File\My Work\The PhD\Extra\Nframe\nframe_cms_stage2_event_boundary\data\interim\uproot_real_collision_partial_cms_singlemuon_run2016g_collision_partial_events.csv,data\interim\uproot_real_collision_partial_cms_singlemuon_run2016g_collision_partial_events.csv,202984847,.csv,False,raw/intermediate data retained locally; use manifests or documented remote access
D:\Gamer File\My Work\The PhD\Extra\Nframe\nframe_cms_stage2_event_boundary\data\processed\cmssw5000_combined_event_features_scored_vs_real.csv,data\processed\cmssw5000_combined_event_features_scored_vs_real.csv,6231306,.csv,False,raw/intermediate data retained locally; use manifests or documented remote access
D:\Gamer File\My Work\The PhD\Extra\Nframe\nframe_cms_stage2_event_boundary\data\processed\cmssw5000_combined_event_features_with_fitted_boundary.csv,data\processed\cmssw5000_combined_event_features_with_fitted_boundary.csv,6920295,.csv,False,raw/intermediate data retained locally; use manifests or documented remote access
D:\Gamer File\My Work\The PhD\Extra\Nframe\nframe_cms_stage2_event_boundary\data\processed\real_collision_20gb_event_features_scored.csv,data\processed\real_collision_20gb_event_features_scored.csv,659313696,.csv,False,raw/intermediate data retained locally; use manifests or documented remote access
D:\Gamer File\My Work\The PhD\Extra\Nframe\nframe_cms_stage2_event_boundary\data\processed\real_collision_20gb_non_docker_event_features.csv,data\processed\real_collision_20gb_non_docker_event_features.csv,479275722,.csv,False,raw/intermediate data retained locally; use manifests or documented remote access
D:\Gamer File\My Work\The PhD\Extra\Nframe\nframe_cms_stage2_event_boundary\data\processed\real_collision_20gb_non_docker_event_features_scored.csv,data\processed\real_collision_20gb_non_docker_event_features_scored.csv,948989205,.csv,False,raw/intermediate data retained locally; use manifests or documented remote access
D:\Gamer File\My Work\The PhD\Extra\Nframe\nframe_cms_stage2_event_boundary\data\processed\real_collision_20gb_uproot_partial_event_features.csv,data\processed\real_collision_20gb_uproot_partial_event_features.csv,390166932,.csv,False,raw/intermediate data retained locally; use manifests or documented remote access
D:\Gamer File\My Work\The PhD\Extra\Nframe\nframe_cms_stage2_event_boundary\data\processed\stage2_event_features_scored.csv,data\processed\stage2_event_features_scored.csv,211437752,.csv,False,raw/intermediate data retained locally; use manifests or documented remote access
D:\Gamer File\My Work\The PhD\Extra\Nframe\nframe_cms_stage2_event_boundary\data\processed\stage2_uproot_partial_event_features.csv,data\processed\stage2_uproot_partial_event_features.csv,77974468,.csv,False,raw/intermediate data retained locally; use manifests or documented remote access
D:\Gamer File\My Work\The PhD\Extra\Nframe\nframe_cms_stage2_event_boundary\data\processed\cmssw_real_only_file_by_file_test\cms_jetht_run2016g_collision_0002568B-EAD1-4949-B6FB-4E3C6B61FEFF_event_features.csv,data\processed\cmssw_real_only_file_by_file_test\cms_jetht_run2016g_collision_0002568B-EAD1-4949-B6FB-4E3C6B61FEFF_event_features.csv,576628,.csv,False,raw/intermediate data retained locally; use manifests or documented remote access
D:\Gamer File\My Work\The PhD\Extra\Nframe\nframe_cms_stage2_event_boundary\data\processed\cmssw_real_only_file_by_file_test\cms_met_run2016g_collision_020ADD62-87D5-4B43-BAAD-C77C83D5FF8F_event_features.csv,data\processed\cmssw_real_only_file_by_file_test\cms_met_run2016g_collision_020ADD62-87D5-4B43-BAAD-C77C83D5FF8F_event_features.csv,566928,.csv,False,raw/intermediate data retained locally; use manifests or documented remote access
D:\Gamer File\My Work\The PhD\Extra\Nframe\nframe_cms_stage2_event_boundary\data\processed\cmssw_real_only_file_by_file_test\cms_singlemuon_run2016g_collision_001FDE5F-A989-2F48-A280-D4D0F7766D95_event_features.csv,data\processed\cmssw_real_only_file_by_file_test\cms_singlemuon_run2016g_collision_001FDE5F-A989-2F48-A280-D4D0F7766D95_event_features.csv,596911,.csv,False,raw/intermediate data retained locally; use manifests or documented remote access
D:\Gamer File\My Work\The PhD\Extra\Nframe\nframe_cms_stage2_event_boundary\data\processed\cmssw_real_only_file_by_file_test\real_only_file_by_file_test_combined.csv,data\processed\cmssw_real_only_file_by_file_test\real_only_file_by_file_test_combined.csv,1738665,.csv,False,raw/intermediate data retained locally; use manifests or documented remote access
D:\Gamer File\My Work\The PhD\Extra\Nframe\nframe_cms_stage2_event_boundary\data\processed\cmssw_real_only_full_file_by_file\cms_jetht_run2016g_collision_0002568B-EAD1-4949-B6FB-4E3C6B61FEFF_event_features.csv,data\processed\cmssw_real_only_full_file_by_file\cms_jetht_run2016g_collision_0002568B-EAD1-4949-B6FB-4E3C6B61FEFF_event_features.csv,34154653,.csv,False,raw/intermediate data retained locally; use manifests or documented remote access
D:\Gamer File\My Work\The PhD\Extra\Nframe\nframe_cms_stage2_event_boundary\data\processed\cmssw_real_only_full_file_by_file\cms_jetht_run2016g_collision_35017A26-8C9D-204D-92B6-3ABFBBD4ADF3_event_features.csv,data\processed\cmssw_real_only_full_file_by_file\cms_jetht_run2016g_collision_35017A26-8C9D-204D-92B6-3ABFBBD4ADF3_event_features.csv,9642142,.csv,False,raw/intermediate data retained locally; use manifests or documented remote access
D:\Gamer File\My Work\The PhD\Extra\Nframe\nframe_cms_stage2_event_boundary\data\processed\cmssw_real_only_full_file_by_file\cms_jetht_run2016g_collision_94C50CE8-43B0-AF4D-A8AE-BE0C7EC09B80_event_features.csv,data\processed\cmssw_real_only_full_file_by_file\cms_jetht_run2016g_collision_94C50CE8-43B0-AF4D-A8AE-BE0C7EC09B80_event_features.csv,1627822,.csv,False,raw/intermediate data retained locally; use manifests or documented remote access
D:\Gamer File\My Work\The PhD\Extra\Nframe\nframe_cms_stage2_event_boundary\data\processed\cmssw_real_only_full_file_by_file\cms_jetht_run2016g_collision_EF857ADB-D98F-3F4A-A847-C8AC759ED9B3_event_features.csv,data\processed\cmssw_real_only_full_file_by_file\cms_jetht_run2016g_collision_EF857ADB-D98F-3F4A-A847-C8AC759ED9B3_event_features.csv,9107697,.csv,False,raw/intermediate data retained locally; use manifests or documented remote access
D:\Gamer File\My Work\The PhD\Extra\Nframe\nframe_cms_stage2_event_boundary\data\processed\cmssw_real_only_full_file_by_file\cms_met_run2016g_collision_020ADD62-87D5-4B43-BAAD-C77C83D5FF8F_event_features.csv,data\processed\cmssw_real_only_full_file_by_file\cms_met_run2016g_collision_020ADD62-87D5-4B43-BAAD-C77C83D5FF8F_event_features.csv,46624712,.csv,False,raw/intermediate data retained locally; use manifests or documented remote access
D:\Gamer File\My Work\The PhD\Extra\Nframe\nframe_cms_stage2_event_boundary\data\processed\cmssw_real_only_full_file_by_file\cms_met_run2016g_collision_0313FB78-4AB7-024F-9BAF-454665B7A5FF_event_features.csv,data\processed\cmssw_real_only_full_file_by_file\cms_met_run2016g_collision_0313FB78-4AB7-024F-9BAF-454665B7A5FF_event_features.csv,62326401,.csv,False,raw/intermediate data retained locally; use manifests or documented remote access
D:\Gamer File\My Work\The PhD\Extra\Nframe\nframe_cms_stage2_event_boundary\data\processed\cmssw_real_only_full_file_by_file\cms_met_run2016g_collision_0E1A8650-EA73-264D-8BA5-92902470681F_event_features.csv,data\processed\cmssw_real_only_full_file_by_file\cms_met_run2016g_collision_0E1A8650-EA73-264D-8BA5-92902470681F_event_features.csv,15667113,.csv,False,raw/intermediate data retained locally; use manifests or documented remote access
D:\Gamer File\My Work\The PhD\Extra\Nframe\nframe_cms_stage2_event_boundary\data\processed\cmssw_real_only_full_file_by_file\cms_singlemuon_run2016g_collision_001FDE5F-A989-2F48-A280-D4D0F7766D95_event_features.csv,data\processed\cmssw_real_only_full_file_by_file\cms_singlemuon_run2016g_collision_001FDE5F-A989-2F48-A280-D4D0F7766D95_event_features.csv,99982405,.csv,False,raw/intermediate data retained locally; use manifests or documented remote access
D:\Gamer File\My Work\The PhD\Extra\Nframe\nframe_cms_stage2_event_boundary\data\processed\cmssw_real_only_full_file_by_file\cms_singlemuon_run2016g_collision_080625AC-04AC-BC49-B816-7FF6BB62AAC0_event_features.csv,data\processed\cmssw_real_only_full_file_by_file\cms_singlemuon_run2016g_collision_080625AC-04AC-BC49-B816-7FF6BB62AAC0_event_features.csv,96993636,.csv,False,raw/intermediate data retained locally; use manifests or documented remote access
D:\Gamer File\My Work\The PhD\Extra\Nframe\nframe_cms_stage2_event_boundary\data\processed\cmssw_real_only_full_file_by_file\real_only_event_quality_trigger_features.csv,data\processed\cmssw_real_only_full_file_by_file\real_only_event_quality_trigger_features.csv,370575,.csv,False,raw/intermediate data retained locally; use manifests or documented remote access
D:\Gamer File\My Work\The PhD\Extra\Nframe\nframe_cms_stage2_event_boundary\data\processed\cmssw_real_only_full_file_by_file\real_only_full_cmssw_event_features_scored.csv,data\processed\cmssw_real_only_full_file_by_file\real_only_full_cmssw_event_features_scored.csv,872532870,.csv,False,raw/intermediate data retained locally; use manifests or documented remote access
D:\Gamer File\My Work\The PhD\Extra\Nframe\nframe_cms_stage2_event_boundary\data\processed\cmssw_real_only_full_file_by_file\real_only_full_cmssw_event_features_with_source_file.csv,data\processed\cmssw_real_only_full_file_by_file\real_only_full_cmssw_event_features_with_source_file.csv,376121477,.csv,False,raw/intermediate data retained locally; use manifests or documented remote access
D:\Gamer File\My Work\The PhD\Extra\Nframe\nframe_cms_stage2_event_boundary\data\processed\cmssw_real_only_full_file_by_file\real_only_full_cmssw_event_features_with_unsupervised_boundary.csv,data\processed\cmssw_real_only_full_file_by_file\real_only_full_cmssw_event_features_with_unsupervised_boundary.csv,1025947774,.csv,False,raw/intermediate data retained locally; use manifests or documented remote access
D:\Gamer File\My Work\The PhD\Extra\Nframe\nframe_cms_stage2_event_boundary\data\processed\cmssw_real_only_large\cms_jetht_run2016g_collision_event_features.csv,data\processed\cmssw_real_only_large\cms_jetht_run2016g_collision_event_features.csv,15984980,.csv,False,raw/intermediate data retained locally; use manifests or documented remote access
D:\Gamer File\My Work\The PhD\Extra\Nframe\nframe_cms_stage2_event_boundary\data\processed\cmssw_real_only_large\cms_met_run2016g_collision_event_features.csv,data\processed\cmssw_real_only_large\cms_met_run2016g_collision_event_features.csv,15720863,.csv,False,raw/intermediate data retained locally; use manifests or documented remote access
D:\Gamer File\My Work\The PhD\Extra\Nframe\nframe_cms_stage2_event_boundary\data\processed\cmssw_real_only_large\cms_singlemuon_run2016g_collision_event_features.csv,data\processed\cmssw_real_only_large\cms_singlemuon_run2016g_collision_event_features.csv,16537725,.csv,False,raw/intermediate data retained locally; use manifests or documented remote access
D:\Gamer File\My Work\The PhD\Extra\Nframe\nframe_cms_stage2_event_boundary\data\processed\cmssw_real_only_large\real_only_cmssw_event_features_combined.csv,data\processed\cmssw_real_only_large\real_only_cmssw_event_features_combined.csv,48242522,.csv,False,raw/intermediate data retained locally; use manifests or documented remote access
D:\Gamer File\My Work\The PhD\Extra\Nframe\nframe_cms_stage2_event_boundary\data\processed\cmssw_real_only_large\real_only_cmssw_event_features_scored.csv,data\processed\cmssw_real_only_large\real_only_cmssw_event_features_scored.csv,167270211,.csv,False,raw/intermediate data retained locally; use manifests or documented remote access
D:\Gamer File\My Work\The PhD\Extra\Nframe\nframe_cms_stage2_event_boundary\data\processed\cmssw_real_only_large\real_only_cmssw_event_features_with_unsupervised_boundary.csv,data\processed\cmssw_real_only_large\real_only_cmssw_event_features_with_unsupervised_boundary.csv,207725267,.csv,False,raw/intermediate data retained locally; use manifests or documented remote access
D:\Gamer File\My Work\The PhD\Extra\Nframe\nframe_cms_stage2_event_boundary\data\processed\cmssw_real_only_trigger_filter_5k_by_file\cms_jetht_run2016g_collision_0002568B-EAD1-4949-B6FB-4E3C6B61FEFF_event_features.csv,data\processed\cmssw_real_only_trigger_filter_5k_by_file\cms_jetht_run2016g_collision_0002568B-EAD1-4949-B6FB-4E3C6B61FEFF_event_features.csv,2887897,.csv,False,raw/intermediate data retained locally; use manifests or documented remote access
D:\Gamer File\My Work\The PhD\Extra\Nframe\nframe_cms_stage2_event_boundary\data\processed\cmssw_real_only_trigger_filter_5k_by_file\cms_jetht_run2016g_collision_35017A26-8C9D-204D-92B6-3ABFBBD4ADF3_event_features.csv,data\processed\cmssw_real_only_trigger_filter_5k_by_file\cms_jetht_run2016g_collision_35017A26-8C9D-204D-92B6-3ABFBBD4ADF3_event_features.csv,2864881,.csv,False,raw/intermediate data retained locally; use manifests or documented remote access
D:\Gamer File\My Work\The PhD\Extra\Nframe\nframe_cms_stage2_event_boundary\data\processed\cmssw_real_only_trigger_filter_5k_by_file\cms_jetht_run2016g_collision_94C50CE8-43B0-AF4D-A8AE-BE0C7EC09B80_event_features.csv,data\processed\cmssw_real_only_trigger_filter_5k_by_file\cms_jetht_run2016g_collision_94C50CE8-43B0-AF4D-A8AE-BE0C7EC09B80_event_features.csv,1692739,.csv,False,raw/intermediate data retained locally; use manifests or documented remote access
D:\Gamer File\My Work\The PhD\Extra\Nframe\nframe_cms_stage2_event_boundary\data\processed\cmssw_real_only_trigger_filter_5k_by_file\cms_jetht_run2016g_collision_EF857ADB-D98F-3F4A-A847-C8AC759ED9B3_event_features.csv,data\processed\cmssw_real_only_trigger_filter_5k_by_file\cms_jetht_run2016g_collision_EF857ADB-D98F-3F4A-A847-C8AC759ED9B3_event_features.csv,2881335,.csv,False,raw/intermediate data retained locally; use manifests or documented remote access
D:\Gamer File\My Work\The PhD\Extra\Nframe\nframe_cms_stage2_event_boundary\data\processed\cmssw_real_only_trigger_filter_5k_by_file\cms_met_run2016g_collision_020ADD62-87D5-4B43-BAAD-C77C83D5FF8F_event_features.csv,data\processed\cmssw_real_only_trigger_filter_5k_by_file\cms_met_run2016g_collision_020ADD62-87D5-4B43-BAAD-C77C83D5FF8F_event_features.csv,2839676,.csv,False,raw/intermediate data retained locally; use manifests or documented remote access
D:\Gamer File\My Work\The PhD\Extra\Nframe\nframe_cms_stage2_event_boundary\data\processed\cmssw_real_only_trigger_filter_5k_by_file\cms_met_run2016g_collision_0313FB78-4AB7-024F-9BAF-454665B7A5FF_event_features.csv,data\processed\cmssw_real_only_trigger_filter_5k_by_file\cms_met_run2016g_collision_0313FB78-4AB7-024F-9BAF-454665B7A5FF_event_features.csv,2785278,.csv,False,raw/intermediate data retained locally; use manifests or documented remote access
D:\Gamer File\My Work\The PhD\Extra\Nframe\nframe_cms_stage2_event_boundary\data\processed\cmssw_real_only_trigger_filter_5k_by_file\cms_met_run2016g_collision_0E1A8650-EA73-264D-8BA5-92902470681F_event_features.csv,data\processed\cmssw_real_only_trigger_filter_5k_by_file\cms_met_run2016g_collision_0E1A8650-EA73-264D-8BA5-92902470681F_event_features.csv,2826951,.csv,False,raw/intermediate data retained locally; use manifests or documented remote access
D:\Gamer File\My Work\The PhD\Extra\Nframe\nframe_cms_stage2_event_boundary\data\processed\cmssw_real_only_trigger_filter_5k_by_file\cms_singlemuon_run2016g_collision_001FDE5F-A989-2F48-A280-D4D0F7766D95_event_features.csv,data\processed\cmssw_real_only_trigger_filter_5k_by_file\cms_singlemuon_run2016g_collision_001FDE5F-A989-2F48-A280-D4D0F7766D95_event_features.csv,2990122,.csv,False,raw/intermediate data retained locally; use manifests or documented remote access
D:\Gamer File\My Work\The PhD\Extra\Nframe\nframe_cms_stage2_event_boundary\data\processed\cmssw_real_only_trigger_filter_5k_by_file\cms_singlemuon_run2016g_collision_080625AC-04AC-BC49-B816-7FF6BB62AAC0_event_features.csv,data\processed\cmssw_real_only_trigger_filter_5k_by_file\cms_singlemuon_run2016g_collision_080625AC-04AC-BC49-B816-7FF6BB62AAC0_event_features.csv,2990955,.csv,False,raw/intermediate data retained locally; use manifests or documented remote access
D:\Gamer File\My Work\The PhD\Extra\Nframe\nframe_cms_stage2_event_boundary\data\processed\cmssw_real_only_trigger_filter_5k_by_file\real_only_trigger_filter_5k_combined.csv,data\processed\cmssw_real_only_trigger_filter_5k_by_file\real_only_trigger_filter_5k_combined.csv,24762626,.csv,False,raw/intermediate data retained locally; use manifests or documented remote access
D:\Gamer File\My Work\The PhD\Extra\Nframe\nframe_cms_stage2_event_boundary\data\processed\cmssw_real_only_trigger_filter_full\cms_jetht_run2016g_collision_0002568B-EAD1-4949-B6FB-4E3C6B61FEFF_event_features.csv,data\processed\cmssw_real_only_trigger_filter_full\cms_jetht_run2016g_collision_0002568B-EAD1-4949-B6FB-4E3C6B61FEFF_event_features.csv,35511537,.csv,False,raw/intermediate data retained locally; use manifests or documented remote access
D:\Gamer File\My Work\The PhD\Extra\Nframe\nframe_cms_stage2_event_boundary\data\processed\cmssw_real_only_trigger_filter_full\cms_jetht_run2016g_collision_35017A26-8C9D-204D-92B6-3ABFBBD4ADF3_event_features.csv,data\processed\cmssw_real_only_trigger_filter_full\cms_jetht_run2016g_collision_35017A26-8C9D-204D-92B6-3ABFBBD4ADF3_event_features.csv,10026454,.csv,False,raw/intermediate data retained locally; use manifests or documented remote access
D:\Gamer File\My Work\The PhD\Extra\Nframe\nframe_cms_stage2_event_boundary\data\processed\cmssw_real_only_trigger_filter_full\cms_jetht_run2016g_collision_94C50CE8-43B0-AF4D-A8AE-BE0C7EC09B80_event_features.csv,data\processed\cmssw_real_only_trigger_filter_full\cms_jetht_run2016g_collision_94C50CE8-43B0-AF4D-A8AE-BE0C7EC09B80_event_features.csv,1692739,.csv,False,raw/intermediate data retained locally; use manifests or documented remote access
D:\Gamer File\My Work\The PhD\Extra\Nframe\nframe_cms_stage2_event_boundary\data\processed\cmssw_real_only_trigger_filter_full\cms_jetht_run2016g_collision_EF857ADB-D98F-3F4A-A847-C8AC759ED9B3_event_features.csv,data\processed\cmssw_real_only_trigger_filter_full\cms_jetht_run2016g_collision_EF857ADB-D98F-3F4A-A847-C8AC759ED9B3_event_features.csv,9469713,.csv,False,raw/intermediate data retained locally; use manifests or documented remote access
D:\Gamer File\My Work\The PhD\Extra\Nframe\nframe_cms_stage2_event_boundary\data\processed\cmssw_real_only_trigger_filter_full\cms_met_run2016g_collision_020ADD62-87D5-4B43-BAAD-C77C83D5FF8F_event_features.csv,data\processed\cmssw_real_only_trigger_filter_full\cms_met_run2016g_collision_020ADD62-87D5-4B43-BAAD-C77C83D5FF8F_event_features.csv,48518645,.csv,False,raw/intermediate data retained locally; use manifests or documented remote access
D:\Gamer File\My Work\The PhD\Extra\Nframe\nframe_cms_stage2_event_boundary\data\processed\cmssw_real_only_trigger_filter_full\cms_met_run2016g_collision_0313FB78-4AB7-024F-9BAF-454665B7A5FF_event_features.csv,data\processed\cmssw_real_only_trigger_filter_full\cms_met_run2016g_collision_0313FB78-4AB7-024F-9BAF-454665B7A5FF_event_features.csv,64862971,.csv,False,raw/intermediate data retained locally; use manifests or documented remote access
D:\Gamer File\My Work\The PhD\Extra\Nframe\nframe_cms_stage2_event_boundary\data\processed\cmssw_real_only_trigger_filter_full\cms_met_run2016g_collision_0E1A8650-EA73-264D-8BA5-92902470681F_event_features.csv,data\processed\cmssw_real_only_trigger_filter_full\cms_met_run2016g_collision_0E1A8650-EA73-264D-8BA5-92902470681F_event_features.csv,16304231,.csv,False,raw/intermediate data retained locally; use manifests or documented remote access
D:\Gamer File\My Work\The PhD\Extra\Nframe\nframe_cms_stage2_event_boundary\data\processed\cmssw_real_only_trigger_filter_full\cms_singlemuon_run2016g_collision_001FDE5F-A989-2F48-A280-D4D0F7766D95_event_features.csv,data\processed\cmssw_real_only_trigger_filter_full\cms_singlemuon_run2016g_collision_001FDE5F-A989-2F48-A280-D4D0F7766D95_event_features.csv,103788594,.csv,False,raw/intermediate data retained locally; use manifests or documented remote access
D:\Gamer File\My Work\The PhD\Extra\Nframe\nframe_cms_stage2_event_boundary\data\processed\cmssw_real_only_trigger_filter_full\cms_singlemuon_run2016g_collision_080625AC-04AC-BC49-B816-7FF6BB62AAC0_event_features.csv,data\processed\cmssw_real_only_trigger_filter_full\cms_singlemuon_run2016g_collision_080625AC-04AC-BC49-B816-7FF6BB62AAC0_event_features.csv,100674995,.csv,False,raw/intermediate data retained locally; use manifests or documented remote access
D:\Gamer File\My Work\The PhD\Extra\Nframe\nframe_cms_stage2_event_boundary\data\processed\cmssw_real_only_trigger_filter_full\real_only_full_event_features_with_trigger_filter.csv,data\processed\cmssw_real_only_trigger_filter_full\real_only_full_event_features_with_trigger_filter.csv,390842671,.csv,False,raw/intermediate data retained locally; use manifests or documented remote access
D:\Gamer File\My Work\The PhD\Extra\Nframe\nframe_cms_stage2_event_boundary\data\processed\cmssw_real_only_trigger_filter_full\real_only_full_event_features_with_trigger_filter_scored.csv,data\processed\cmssw_real_only_trigger_filter_full\real_only_full_event_features_with_trigger_filter_scored.csv,984395951,.csv,False,raw/intermediate data retained locally; use manifests or documented remote access
D:\Gamer File\My Work\The PhD\Extra\Nframe\nframe_cms_stage2_event_boundary\data\processed\expanded_benchmark_features\expanded_benchmark_events_with_BNF.csv,data\processed\expanded_benchmark_features\expanded_benchmark_events_with_BNF.csv,156251614,.csv,False,raw/intermediate data retained locally; use manifests or documented remote access
D:\Gamer File\My Work\The PhD\Extra\Nframe\nframe_cms_stage2_event_boundary\data\processed\expanded_benchmark_features\expanded_benchmark_event_features.csv,data\processed\expanded_benchmark_features\expanded_benchmark_event_features.csv,64282413,.csv,False,raw/intermediate data retained locally; use manifests or documented remote access
D:\Gamer File\My Work\The PhD\Extra\Nframe\nframe_cms_stage2_event_boundary\data\processed\expanded_benchmark_features\qcd_ht1000to1500_nanoaodsim_pilot_event_features.csv,data\processed\expanded_benchmark_features\qcd_ht1000to1500_nanoaodsim_pilot_event_features.csv,11543317,.csv,False,raw/intermediate data retained locally; use manifests or documented remote access
D:\Gamer File\My Work\The PhD\Extra\Nframe\nframe_cms_stage2_event_boundary\data\processed\expanded_benchmark_features\qcd_ht500to700_nanoaodsim_pilot_event_features.csv,data\processed\expanded_benchmark_features\qcd_ht500to700_nanoaodsim_pilot_event_features.csv,17146530,.csv,False,raw/intermediate data retained locally; use manifests or documented remote access
D:\Gamer File\My Work\The PhD\Extra\Nframe\nframe_cms_stage2_event_boundary\data\processed\expanded_benchmark_features\sms_t2tt_compressed_nanoaodsim_pilot_event_features.csv,data\processed\expanded_benchmark_features\sms_t2tt_compressed_nanoaodsim_pilot_event_features.csv,19668734,.csv,False,raw/intermediate data retained locally; use manifests or documented remote access
D:\Gamer File\My Work\The PhD\Extra\Nframe\nframe_cms_stage2_event_boundary\data\processed\expanded_benchmark_features\wjets_lnu_nanoaodsim_pilot_event_features.csv,data\processed\expanded_benchmark_features\wjets_lnu_nanoaodsim_pilot_event_features.csv,15924897,.csv,False,raw/intermediate data retained locally; use manifests or documented remote access
D:\Gamer File\My Work\The PhD\Extra\Nframe\nframe_cms_stage2_event_boundary\data\processed\expanded_run2016h_miniaod_full\expanded_run2016h_miniaod_event_features_combined.csv,data\processed\expanded_run2016h_miniaod_full\expanded_run2016h_miniaod_event_features_combined.csv,93453161,.csv,False,raw/intermediate data retained locally; use manifests or documented remote access
D:\Gamer File\My Work\The PhD\Extra\Nframe\nframe_cms_stage2_event_boundary\data\processed\expanded_run2016h_miniaod_full\expanded_run2016h_miniaod_with_fitted_nframe_score.csv,data\processed\expanded_run2016h_miniaod_full\expanded_run2016h_miniaod_with_fitted_nframe_score.csv,130442823,.csv,False,raw/intermediate data retained locally; use manifests or documented remote access
D:\Gamer File\My Work\The PhD\Extra\Nframe\nframe_cms_stage2_event_boundary\data\processed\expanded_run2016h_miniaod_full\jetht_1BD17693-3DDC-FF45-B182-2DF67A370449_event_features.csv,data\processed\expanded_run2016h_miniaod_full\jetht_1BD17693-3DDC-FF45-B182-2DF67A370449_event_features.csv,15515193,.csv,False,raw/intermediate data retained locally; use manifests or documented remote access
D:\Gamer File\My Work\The PhD\Extra\Nframe\nframe_cms_stage2_event_boundary\data\processed\expanded_run2016h_miniaod_full\jetht_CDDAB30D-6EA2-4F40-A648-674377A54D4D_event_features.csv,data\processed\expanded_run2016h_miniaod_full\jetht_CDDAB30D-6EA2-4F40-A648-674377A54D4D_event_features.csv,15930855,.csv,False,raw/intermediate data retained locally; use manifests or documented remote access
D:\Gamer File\My Work\The PhD\Extra\Nframe\nframe_cms_stage2_event_boundary\data\processed\expanded_run2016h_miniaod_full\met_3F9003A7-A5F9-2840-B22E-8052CE346AF7_event_features.csv,data\processed\expanded_run2016h_miniaod_full\met_3F9003A7-A5F9-2840-B22E-8052CE346AF7_event_features.csv,7812910,.csv,False,raw/intermediate data retained locally; use manifests or documented remote access
D:\Gamer File\My Work\The PhD\Extra\Nframe\nframe_cms_stage2_event_boundary\data\processed\expanded_run2016h_miniaod_full\met_EC639C0B-5433-EF46-8E04-A9088379E5BE_event_features.csv,data\processed\expanded_run2016h_miniaod_full\met_EC639C0B-5433-EF46-8E04-A9088379E5BE_event_features.csv,7405124,.csv,False,raw/intermediate data retained locally; use manifests or documented remote access
D:\Gamer File\My Work\The PhD\Extra\Nframe\nframe_cms_stage2_event_boundary\data\processed\expanded_run2016h_miniaod_full\singlemuon_DA9B9166-C273-E54C-8957-7E54DACC6999_event_features.csv,data\processed\expanded_run2016h_miniaod_full\singlemuon_DA9B9166-C273-E54C-8957-7E54DACC6999_event_features.csv,15844165,.csv,False,raw/intermediate data retained locally; use manifests or documented remote access
D:\Gamer File\My Work\The PhD\Extra\Nframe\nframe_cms_stage2_event_boundary\data\processed\expanded_run2016h_miniaod_smoke\jetht_1BD17693-3DDC-FF45-B182-2DF67A370449_1000_event_features.csv,data\processed\expanded_run2016h_miniaod_smoke\jetht_1BD17693-3DDC-FF45-B182-2DF67A370449_1000_event_features.csv,576006,.csv,False,raw/intermediate data retained locally; use manifests or documented remote access
D:\Gamer File\My Work\The PhD\Extra\Nframe\nframe_cms_stage2_event_boundary\data\processed\expanded_run2016h_miniaod_smoke\jetht_CDDAB30D-6EA2-4F40-A648-674377A54D4D_1000_event_features.csv,data\processed\expanded_run2016h_miniaod_smoke\jetht_CDDAB30D-6EA2-4F40-A648-674377A54D4D_1000_event_features.csv,576135,.csv,False,raw/intermediate data retained locally; use manifests or documented remote access
D:\Gamer File\My Work\The PhD\Extra\Nframe\nframe_cms_stage2_event_boundary\data\processed\expanded_run2016h_miniaod_smoke\met_3F9003A7-A5F9-2840-B22E-8052CE346AF7_1000_event_features.csv,data\processed\expanded_run2016h_miniaod_smoke\met_3F9003A7-A5F9-2840-B22E-8052CE346AF7_1000_event_features.csv,565643,.csv,False,raw/intermediate data retained locally; use manifests or documented remote access
D:\Gamer File\My Work\The PhD\Extra\Nframe\nframe_cms_stage2_event_boundary\data\processed\expanded_run2016h_miniaod_smoke\met_EC639C0B-5433-EF46-8E04-A9088379E5BE_1000_event_features.csv,data\processed\expanded_run2016h_miniaod_smoke\met_EC639C0B-5433-EF46-8E04-A9088379E5BE_1000_event_features.csv,563796,.csv,False,raw/intermediate data retained locally; use manifests or documented remote access
D:\Gamer File\My Work\The PhD\Extra\Nframe\nframe_cms_stage2_event_boundary\data\processed\expanded_run2016h_miniaod_smoke\singlemuon_DA9B9166-C273-E54C-8957-7E54DACC6999_1000_event_features.csv,data\processed\expanded_run2016h_miniaod_smoke\singlemuon_DA9B9166-C273-E54C-8957-7E54DACC6999_1000_event_features.csv,596437,.csv,False,raw/intermediate data retained locally; use manifests or documented remote access
D:\Gamer File\My Work\The PhD\Extra\Nframe\nframe_cms_stage2_event_boundary\data\processed\expanded_sm_after_signal_parity\expanded_sm_backgrounds_with_BNF.csv,data\processed\expanded_sm_after_signal_parity\expanded_sm_backgrounds_with_BNF.csv,1058618,.csv,False,raw/intermediate data retained locally; use manifests or documented remote access
D:\Gamer File\My Work\The PhD\Extra\Nframe\nframe_cms_stage2_event_boundary\data\processed\expanded_sm_after_signal_parity\full_features\ww_38502_event_features.csv,data\processed\expanded_sm_after_signal_parity\full_features\ww_38502_event_features.csv,147485,.csv,False,raw/intermediate data retained locally; use manifests or documented remote access
D:\Gamer File\My Work\The PhD\Extra\Nframe\nframe_cms_stage2_event_boundary\data\processed\expanded_sm_after_signal_parity\full_features\wz_72753_event_features.csv,data\processed\expanded_sm_after_signal_parity\full_features\wz_72753_event_features.csv,454636,.csv,False,raw/intermediate data retained locally; use manifests or documented remote access
D:\Gamer File\My Work\The PhD\Extra\Nframe\nframe_cms_stage2_event_boundary\data\processed\expanded_sm_after_signal_parity\full_features\zjetstonunu_74909_event_features.csv,data\processed\expanded_sm_after_signal_parity\full_features\zjetstonunu_74909_event_features.csv,33125,.csv,False,raw/intermediate data retained locally; use manifests or documented remote access
D:\Gamer File\My Work\The PhD\Extra\Nframe\nframe_cms_stage2_event_boundary\data\processed\expanded_sm_after_signal_parity\full_features\zz_36928_event_features.csv,data\processed\expanded_sm_after_signal_parity\full_features\zz_36928_event_features.csv,85247,.csv,False,raw/intermediate data retained locally; use manifests or documented remote access
D:\Gamer File\My Work\The PhD\Extra\Nframe\nframe_cms_stage2_event_boundary\data\processed\fuller_component_benchmarks\fuller_component_benchmark_events_with_BNF.csv,data\processed\fuller_component_benchmarks\fuller_component_benchmark_events_with_BNF.csv,1037666,.csv,False,raw/intermediate data retained locally; use manifests or documented remote access
D:\Gamer File\My Work\The PhD\Extra\Nframe\nframe_cms_stage2_event_boundary\data\processed\fuller_component_benchmarks\fuller_component_benchmark_event_features.csv,data\processed\fuller_component_benchmarks\fuller_component_benchmark_event_features.csv,731270,.csv,False,raw/intermediate data retained locally; use manifests or documented remote access
D:\Gamer File\My Work\The PhD\Extra\Nframe\nframe_cms_stage2_event_boundary\data\processed\fuller_component_benchmarks\full\qcd_ht1000to1500_63078_event_features.csv,data\processed\fuller_component_benchmarks\full\qcd_ht1000to1500_63078_event_features.csv,408931,.csv,False,raw/intermediate data retained locally; use manifests or documented remote access
D:\Gamer File\My Work\The PhD\Extra\Nframe\nframe_cms_stage2_event_boundary\data\processed\fuller_component_benchmarks\full\qcd_ht700to1000_63139_event_features.csv,data\processed\fuller_component_benchmarks\full\qcd_ht700to1000_63139_event_features.csv,100745,.csv,False,raw/intermediate data retained locally; use manifests or documented remote access
D:\Gamer File\My Work\The PhD\Extra\Nframe\nframe_cms_stage2_event_boundary\data\processed\fuller_component_benchmarks\full\wjetstolnu_69550_event_features.csv,data\processed\fuller_component_benchmarks\full\wjetstolnu_69550_event_features.csv,223472,.csv,False,raw/intermediate data retained locally; use manifests or documented remote access
D:\Gamer File\My Work\The PhD\Extra\Nframe\nframe_cms_stage2_event_boundary\data\processed\fuller_component_benchmarks\smoke\qcd_ht1000to1500_63078_event_features.csv,data\processed\fuller_component_benchmarks\smoke\qcd_ht1000to1500_63078_event_features.csv,408931,.csv,False,raw/intermediate data retained locally; use manifests or documented remote access
D:\Gamer File\My Work\The PhD\Extra\Nframe\nframe_cms_stage2_event_boundary\data\processed\fuller_component_benchmarks\smoke\qcd_ht700to1000_63139_event_features.csv,data\processed\fuller_component_benchmarks\smoke\qcd_ht700to1000_63139_event_features.csv,100745,.csv,False,raw/intermediate data retained locally; use manifests or documented remote access
D:\Gamer File\My Work\The PhD\Extra\Nframe\nframe_cms_stage2_event_boundary\data\processed\fuller_component_benchmarks\smoke\wjetstolnu_69550_event_features.csv,data\processed\fuller_component_benchmarks\smoke\wjetstolnu_69550_event_features.csv,223472,.csv,False,raw/intermediate data retained locally; use manifests or documented remote access
D:\Gamer File\My Work\The PhD\Extra\Nframe\nframe_cms_stage2_event_boundary\data\processed\fuller_component_susy_signals\accessible_susy_miniaodsim_events_with_BNF.csv,data\processed\fuller_component_susy_signals\accessible_susy_miniaodsim_events_with_BNF.csv,3969468,.csv,False,raw/intermediate data retained locally; use manifests or documented remote access
D:\Gamer File\My Work\The PhD\Extra\Nframe\nframe_cms_stage2_event_boundary\data\processed\fuller_component_susy_signals\accessible_susy_miniaodsim_event_features.csv,data\processed\fuller_component_susy_signals\accessible_susy_miniaodsim_event_features.csv,3044113,.csv,False,raw/intermediate data retained locally; use manifests or documented remote access
D:\Gamer File\My Work\The PhD\Extra\Nframe\nframe_cms_stage2_event_boundary\data\processed\fuller_component_susy_signals\full_features\gluinogluinotoneutralinoneutralinoto2t2b2s_m-1600_ctau-30mm_tunecp5_13tev-pythia_40117_event_features.csv,data\processed\fuller_component_susy_signals\full_features\gluinogluinotoneutralinoneutralinoto2t2b2s_m-1600_ctau-30mm_tunecp5_13tev-pythia_40117_event_features.csv,1429551,.csv,False,raw/intermediate data retained locally; use manifests or documented remote access
D:\Gamer File\My Work\The PhD\Extra\Nframe\nframe_cms_stage2_event_boundary\data\processed\fuller_component_susy_signals\full_features\sms-t2tt-4bd_genmet-100_genht200_mstop-400_mlsp-380_tunecp5_llstop_13tev-madgrap_63454_event_features.csv,data\processed\fuller_component_susy_signals\full_features\sms-t2tt-4bd_genmet-100_genht200_mstop-400_mlsp-380_tunecp5_llstop_13tev-madgrap_63454_event_features.csv,1035790,.csv,False,raw/intermediate data retained locally; use manifests or documented remote access
D:\Gamer File\My Work\The PhD\Extra\Nframe\nframe_cms_stage2_event_boundary\data\processed\fuller_component_susy_signals\full_features\splitsusy_m1000_980_ctau100p0_tunecp2_13tev-pythia8_63579_event_features.csv,data\processed\fuller_component_susy_signals\full_features\splitsusy_m1000_980_ctau100p0_tunecp2_13tev-pythia8_63579_event_features.csv,580650,.csv,False,raw/intermediate data retained locally; use manifests or documented remote access
D:\Gamer File\My Work\The PhD\Extra\Nframe\nframe_cms_stage2_event_boundary\data\processed\fuller_component_susy_signals\smoke_features\gluinogluinotoneutralinoneutralinoto2t2b2s_m-1600_ctau-30mm_tunecp5_13tev-pythia_40117_event_features.csv,data\processed\fuller_component_susy_signals\smoke_features\gluinogluinotoneutralinoneutralinoto2t2b2s_m-1600_ctau-30mm_tunecp5_13tev-pythia_40117_event_features.csv,714188,.csv,False,raw/intermediate data retained locally; use manifests or documented remote access
D:\Gamer File\My Work\The PhD\Extra\Nframe\nframe_cms_stage2_event_boundary\data\processed\fuller_component_susy_signals\smoke_features\sms-t2tt-4bd_genmet-100_genht200_mstop-400_mlsp-380_tunecp5_llstop_13tev-madgrap_63454_event_features.csv,data\processed\fuller_component_susy_signals\smoke_features\sms-t2tt-4bd_genmet-100_genht200_mstop-400_mlsp-380_tunecp5_llstop_13tev-madgrap_63454_event_features.csv,712397,.csv,False,raw/intermediate data retained locally; use manifests or documented remote access
D:\Gamer File\My Work\The PhD\Extra\Nframe\nframe_cms_stage2_event_boundary\data\processed\fuller_component_susy_signals\smoke_features\splitsusy_m1000_980_ctau100p0_tunecp2_13tev-pythia8_63579_event_features.csv,data\processed\fuller_component_susy_signals\smoke_features\splitsusy_m1000_980_ctau100p0_tunecp2_13tev-pythia8_63579_event_features.csv,580650,.csv,False,raw/intermediate data retained locally; use manifests or documented remote access
D:\Gamer File\My Work\The PhD\Extra\Nframe\nframe_cms_stage2_event_boundary\data\processed\independent_validation_miniaod_full\run2016h_jetht_miniaod_event_features.csv,data\processed\independent_validation_miniaod_full\run2016h_jetht_miniaod_event_features.csv,6022278,.csv,False,raw/intermediate data retained locally; use manifests or documented remote access
D:\Gamer File\My Work\The PhD\Extra\Nframe\nframe_cms_stage2_event_boundary\data\processed\independent_validation_miniaod_full\run2016h_met_miniaod_event_features.csv,data\processed\independent_validation_miniaod_full\run2016h_met_miniaod_event_features.csv,8177037,.csv,False,raw/intermediate data retained locally; use manifests or documented remote access
D:\Gamer File\My Work\The PhD\Extra\Nframe\nframe_cms_stage2_event_boundary\data\processed\independent_validation_miniaod_full\run2016h_miniaod_event_features_combined.csv,data\processed\independent_validation_miniaod_full\run2016h_miniaod_event_features_combined.csv,30949504,.csv,False,raw/intermediate data retained locally; use manifests or documented remote access
D:\Gamer File\My Work\The PhD\Extra\Nframe\nframe_cms_stage2_event_boundary\data\processed\independent_validation_miniaod_full\run2016h_miniaod_with_fitted_nframe_score.csv,data\processed\independent_validation_miniaod_full\run2016h_miniaod_with_fitted_nframe_score.csv,42534563,.csv,False,raw/intermediate data retained locally; use manifests or documented remote access
D:\Gamer File\My Work\The PhD\Extra\Nframe\nframe_cms_stage2_event_boundary\data\processed\independent_validation_miniaod_full\run2016h_singlemuon_miniaod_event_features.csv,data\processed\independent_validation_miniaod_full\run2016h_singlemuon_miniaod_event_features.csv,16752025,.csv,False,raw/intermediate data retained locally; use manifests or documented remote access
D:\Gamer File\My Work\The PhD\Extra\Nframe\nframe_cms_stage2_event_boundary\data\processed\independent_validation_miniaod_smoke\jetht_run2016h_1000_event_features.csv,data\processed\independent_validation_miniaod_smoke\jetht_run2016h_1000_event_features.csv,620015,.csv,False,raw/intermediate data retained locally; use manifests or documented remote access
D:\Gamer File\My Work\The PhD\Extra\Nframe\nframe_cms_stage2_event_boundary\data\processed\independent_validation_miniaod_smoke\met_run2016h_1000_event_features.csv,data\processed\independent_validation_miniaod_smoke\met_run2016h_1000_event_features.csv,609671,.csv,False,raw/intermediate data retained locally; use manifests or documented remote access
D:\Gamer File\My Work\The PhD\Extra\Nframe\nframe_cms_stage2_event_boundary\data\processed\independent_validation_miniaod_smoke\singlemuon_run2016h_1000_event_features.csv,data\processed\independent_validation_miniaod_smoke\singlemuon_run2016h_1000_event_features.csv,639994,.csv,False,raw/intermediate data retained locally; use manifests or documented remote access
D:\Gamer File\My Work\The PhD\Extra\Nframe\nframe_cms_stage2_event_boundary\data\processed\independent_validation_nanoaod\validation_nanoaod_event_features.csv,data\processed\independent_validation_nanoaod\validation_nanoaod_event_features.csv,223382252,.csv,False,raw/intermediate data retained locally; use manifests or documented remote access
D:\Gamer File\My Work\The PhD\Extra\Nframe\nframe_cms_stage2_event_boundary\data\processed\independent_validation_nanoaod\validation_nanoaod_jetht_1CD54B78-99CC-7C4F-A89C-7A9103D28135_event_features.csv,data\processed\independent_validation_nanoaod\validation_nanoaod_jetht_1CD54B78-99CC-7C4F-A89C-7A9103D28135_event_features.csv,160692161,.csv,False,raw/intermediate data retained locally; use manifests or documented remote access
D:\Gamer File\My Work\The PhD\Extra\Nframe\nframe_cms_stage2_event_boundary\data\processed\independent_validation_nanoaod\validation_nanoaod_met_C42412D7-7FA8-FA44-B636-9DDB703D1559_event_features.csv,data\processed\independent_validation_nanoaod\validation_nanoaod_met_C42412D7-7FA8-FA44-B636-9DDB703D1559_event_features.csv,54793277,.csv,False,raw/intermediate data retained locally; use manifests or documented remote access
D:\Gamer File\My Work\The PhD\Extra\Nframe\nframe_cms_stage2_event_boundary\data\processed\independent_validation_nanoaod\validation_nanoaod_singlemuon_61FC1E38-F75C-6B44-AD19-A9894155874E_event_features.csv,data\processed\independent_validation_nanoaod\validation_nanoaod_singlemuon_61FC1E38-F75C-6B44-AD19-A9894155874E_event_features.csv,7898312,.csv,False,raw/intermediate data retained locally; use manifests or documented remote access
D:\Gamer File\My Work\The PhD\Extra\Nframe\nframe_cms_stage2_event_boundary\data\processed\matched_control\all_events_with_quality_flags.csv,data\processed\matched_control\all_events_with_quality_flags.csv,998871789,.csv,False,raw/intermediate data retained locally; use manifests or documented remote access
D:\Gamer File\My Work\The PhD\Extra\Nframe\nframe_cms_stage2_event_boundary\data\processed\matched_control\matched_controls_hand_top001.csv,data\processed\matched_control\matched_controls_hand_top001.csv,791176,.csv,False,raw/intermediate data retained locally; use manifests or documented remote access
D:\Gamer File\My Work\The PhD\Extra\Nframe\nframe_cms_stage2_event_boundary\data\processed\matched_control\matched_controls_hand_top01.csv,data\processed\matched_control\matched_controls_hand_top01.csv,7894930,.csv,False,raw/intermediate data retained locally; use manifests or documented remote access
D:\Gamer File\My Work\The PhD\Extra\Nframe\nframe_cms_stage2_event_boundary\data\processed\matched_control\matched_controls_hand_top05.csv,data\processed\matched_control\matched_controls_hand_top05.csv,39514680,.csv,False,raw/intermediate data retained locally; use manifests or documented remote access
D:\Gamer File\My Work\The PhD\Extra\Nframe\nframe_cms_stage2_event_boundary\data\processed\matched_control\matched_controls_relaxed_quality_clean_hand_top01.csv,data\processed\matched_control\matched_controls_relaxed_quality_clean_hand_top01.csv,8474352,.csv,False,raw/intermediate data retained locally; use manifests or documented remote access
D:\Gamer File\My Work\The PhD\Extra\Nframe\nframe_cms_stage2_event_boundary\data\processed\matched_control\matched_controls_relaxed_quality_clean_unsup_top01.csv,data\processed\matched_control\matched_controls_relaxed_quality_clean_unsup_top01.csv,8550241,.csv,False,raw/intermediate data retained locally; use manifests or documented remote access
D:\Gamer File\My Work\The PhD\Extra\Nframe\nframe_cms_stage2_event_boundary\data\processed\matched_control\matched_controls_unsup_top001.csv,data\processed\matched_control\matched_controls_unsup_top001.csv,798565,.csv,False,raw/intermediate data retained locally; use manifests or documented remote access
D:\Gamer File\My Work\The PhD\Extra\Nframe\nframe_cms_stage2_event_boundary\data\processed\matched_control\matched_controls_unsup_top01.csv,data\processed\matched_control\matched_controls_unsup_top01.csv,7956288,.csv,False,raw/intermediate data retained locally; use manifests or documented remote access
D:\Gamer File\My Work\The PhD\Extra\Nframe\nframe_cms_stage2_event_boundary\data\processed\matched_control\matched_controls_unsup_top05.csv,data\processed\matched_control\matched_controls_unsup_top05.csv,39865501,.csv,False,raw/intermediate data retained locally; use manifests or documented remote access
D:\Gamer File\My Work\The PhD\Extra\Nframe\nframe_cms_stage2_event_boundary\data\processed\matched_control\quality_failure_events.csv,data\processed\matched_control\quality_failure_events.csv,90184543,.csv,False,raw/intermediate data retained locally; use manifests or documented remote access
D:\Gamer File\My Work\The PhD\Extra\Nframe\nframe_cms_stage2_event_boundary\data\processed\matched_control\relaxed_quality_clean_events.csv,data\processed\matched_control\relaxed_quality_clean_events.csv,977734775,.csv,False,raw/intermediate data retained locally; use manifests or documented remote access
D:\Gamer File\My Work\The PhD\Extra\Nframe\nframe_cms_stage2_event_boundary\data\processed\matched_control\relaxed_quality_clean_events_rescored.csv,data\processed\matched_control\relaxed_quality_clean_events_rescored.csv,1427101819,.csv,False,raw/intermediate data retained locally; use manifests or documented remote access
D:\Gamer File\My Work\The PhD\Extra\Nframe\nframe_cms_stage2_event_boundary\data\processed\matched_control\standard_quality_clean_events.csv,data\processed\matched_control\standard_quality_clean_events.csv,908689452,.csv,False,raw/intermediate data retained locally; use manifests or documented remote access
D:\Gamer File\My Work\The PhD\Extra\Nframe\nframe_cms_stage2_event_boundary\data\processed\matched_control\standard_quality_clean_events_rescored.csv,data\processed\matched_control\standard_quality_clean_events_rescored.csv,1327472388,.csv,False,raw/intermediate data retained locally; use manifests or documented remote access
D:\Gamer File\My Work\The PhD\Extra\Nframe\nframe_cms_stage2_event_boundary\data\processed\new_independent_real_miniaod_validation\full\jetht_63298BDD-459A-CA4D-B6C6-3C329E1C38B9_full_event_features.csv,data\processed\new_independent_real_miniaod_validation\full\jetht_63298BDD-459A-CA4D-B6C6-3C329E1C38B9_full_event_features.csv,16309385,.csv,False,raw/intermediate data retained locally; use manifests or documented remote access
D:\Gamer File\My Work\The PhD\Extra\Nframe\nframe_cms_stage2_event_boundary\data\processed\new_independent_real_miniaod_validation\full\met_8DE49E2E-DE23-7C47-8B3F-D1A2BC1D9775_full_event_features.csv,data\processed\new_independent_real_miniaod_validation\full\met_8DE49E2E-DE23-7C47-8B3F-D1A2BC1D9775_full_event_features.csv,7859006,.csv,False,raw/intermediate data retained locally; use manifests or documented remote access
D:\Gamer File\My Work\The PhD\Extra\Nframe\nframe_cms_stage2_event_boundary\data\processed\new_independent_real_miniaod_validation\full\new_real_events_with_frozen_BNF.csv,data\processed\new_independent_real_miniaod_validation\full\new_real_events_with_frozen_BNF.csv,58289421,.csv,False,raw/intermediate data retained locally; use manifests or documented remote access
D:\Gamer File\My Work\The PhD\Extra\Nframe\nframe_cms_stage2_event_boundary\data\processed\new_independent_real_miniaod_validation\full\new_real_miniaod_event_features_combined.csv,data\processed\new_independent_real_miniaod_validation\full\new_real_miniaod_event_features_combined.csv,40512602,.csv,False,raw/intermediate data retained locally; use manifests or documented remote access
D:\Gamer File\My Work\The PhD\Extra\Nframe\nframe_cms_stage2_event_boundary\data\processed\new_independent_real_miniaod_validation\full\singlemuon_9A370350-9928-064F-A0ED-165CD784CC5B_full_event_features.csv,data\processed\new_independent_real_miniaod_validation\full\singlemuon_9A370350-9928-064F-A0ED-165CD784CC5B_full_event_features.csv,16345887,.csv,False,raw/intermediate data retained locally; use manifests or documented remote access
D:\Gamer File\My Work\The PhD\Extra\Nframe\nframe_cms_stage2_event_boundary\data\processed\new_independent_real_miniaod_validation\smoke\jetht_63298BDD-459A-CA4D-B6C6-3C329E1C38B9_smoke_event_features.csv,data\processed\new_independent_real_miniaod_validation\smoke\jetht_63298BDD-459A-CA4D-B6C6-3C329E1C38B9_smoke_event_features.csv,530802,.csv,False,raw/intermediate data retained locally; use manifests or documented remote access
D:\Gamer File\My Work\The PhD\Extra\Nframe\nframe_cms_stage2_event_boundary\data\processed\new_independent_real_miniaod_validation\smoke\met_8DE49E2E-DE23-7C47-8B3F-D1A2BC1D9775_smoke_event_features.csv,data\processed\new_independent_real_miniaod_validation\smoke\met_8DE49E2E-DE23-7C47-8B3F-D1A2BC1D9775_smoke_event_features.csv,519599,.csv,False,raw/intermediate data retained locally; use manifests or documented remote access
D:\Gamer File\My Work\The PhD\Extra\Nframe\nframe_cms_stage2_event_boundary\data\processed\new_independent_real_miniaod_validation\smoke\singlemuon_9A370350-9928-064F-A0ED-165CD784CC5B_smoke_event_features.csv,data\processed\new_independent_real_miniaod_validation\smoke\singlemuon_9A370350-9928-064F-A0ED-165CD784CC5B_smoke_event_features.csv,548405,.csv,False,raw/intermediate data retained locally; use manifests or documented remote access
D:\Gamer File\My Work\The PhD\Extra\Nframe\nframe_cms_stage2_event_boundary\data\processed\nframe_parameter_fit\contrasts_hand_top001.csv,data\processed\nframe_parameter_fit\contrasts_hand_top001.csv,710073,.csv,False,raw/intermediate data retained locally; use manifests or documented remote access
D:\Gamer File\My Work\The PhD\Extra\Nframe\nframe_cms_stage2_event_boundary\data\processed\nframe_parameter_fit\contrasts_hand_top01.csv,data\processed\nframe_parameter_fit\contrasts_hand_top01.csv,7121967,.csv,False,raw/intermediate data retained locally; use manifests or documented remote access
D:\Gamer File\My Work\The PhD\Extra\Nframe\nframe_cms_stage2_event_boundary\data\processed\nframe_parameter_fit\contrasts_hand_top05.csv,data\processed\nframe_parameter_fit\contrasts_hand_top05.csv,35808128,.csv,False,raw/intermediate data retained locally; use manifests or documented remote access
D:\Gamer File\My Work\The PhD\Extra\Nframe\nframe_cms_stage2_event_boundary\data\processed\nframe_parameter_fit\contrasts_unsup_top001.csv,data\processed\nframe_parameter_fit\contrasts_unsup_top001.csv,714271,.csv,False,raw/intermediate data retained locally; use manifests or documented remote access
D:\Gamer File\My Work\The PhD\Extra\Nframe\nframe_cms_stage2_event_boundary\data\processed\nframe_parameter_fit\contrasts_unsup_top01.csv,data\processed\nframe_parameter_fit\contrasts_unsup_top01.csv,7150860,.csv,False,raw/intermediate data retained locally; use manifests or documented remote access
D:\Gamer File\My Work\The PhD\Extra\Nframe\nframe_cms_stage2_event_boundary\data\processed\nframe_parameter_fit\contrasts_unsup_top05.csv,data\processed\nframe_parameter_fit\contrasts_unsup_top05.csv,35993521,.csv,False,raw/intermediate data retained locally; use manifests or documented remote access
D:\Gamer File\My Work\The PhD\Extra\Nframe\nframe_cms_stage2_event_boundary\data\processed\nframe_parameter_fit\real_data_with_fitted_nframe_boundary_score.csv,data\processed\nframe_parameter_fit\real_data_with_fitted_nframe_boundary_score.csv,1027186772,.csv,False,raw/intermediate data retained locally; use manifests or documented remote access
D:\Gamer File\My Work\The PhD\Extra\Nframe\nframe_cms_stage2_event_boundary\data\processed\nframe_validation_real_independent\validation_events_with_fitted_boundary_score.csv,data\processed\nframe_validation_real_independent\validation_events_with_fitted_boundary_score.csv,320194959,.csv,False,raw/intermediate data retained locally; use manifests or documented remote access
D:\Gamer File\My Work\The PhD\Extra\Nframe\nframe_cms_stage2_event_boundary\data\processed\sm_background_pilot_features\qcd_ht700to1000_nanoaodsim_pilot_branch_availability.csv,data\processed\sm_background_pilot_features\qcd_ht700to1000_nanoaodsim_pilot_branch_availability.csv,2926,.csv,False,raw/intermediate data retained locally; use manifests or documented remote access
D:\Gamer File\My Work\The PhD\Extra\Nframe\nframe_cms_stage2_event_boundary\data\processed\sm_background_pilot_features\qcd_ht700to1000_nanoaodsim_pilot_events_with_BNF.csv,data\processed\sm_background_pilot_features\qcd_ht700to1000_nanoaodsim_pilot_events_with_BNF.csv,25417433,.csv,False,raw/intermediate data retained locally; use manifests or documented remote access
D:\Gamer File\My Work\The PhD\Extra\Nframe\nframe_cms_stage2_event_boundary\data\processed\sm_background_pilot_features\sm_background_events_with_BNF.csv,data\processed\sm_background_pilot_features\sm_background_events_with_BNF.csv,50079953,.csv,False,raw/intermediate data retained locally; use manifests or documented remote access
D:\Gamer File\My Work\The PhD\Extra\Nframe\nframe_cms_stage2_event_boundary\data\processed\sm_background_pilot_features\ttjets_nanoaodsim_pilot_branch_availability.csv,data\processed\sm_background_pilot_features\ttjets_nanoaodsim_pilot_branch_availability.csv,2620,.csv,False,raw/intermediate data retained locally; use manifests or documented remote access
D:\Gamer File\My Work\The PhD\Extra\Nframe\nframe_cms_stage2_event_boundary\data\processed\sm_background_pilot_features\ttjets_nanoaodsim_pilot_events_with_BNF.csv,data\processed\sm_background_pilot_features\ttjets_nanoaodsim_pilot_events_with_BNF.csv,24663036,.csv,False,raw/intermediate data retained locally; use manifests or documented remote access
D:\Gamer File\My Work\The PhD\Extra\Nframe\nframe_cms_stage2_event_boundary\data\processed\susy_relevance_benchmark_features\sms_t5wg_mg1500_mlsp1_signal_events_with_BNF.csv,data\processed\susy_relevance_benchmark_features\sms_t5wg_mg1500_mlsp1_signal_events_with_BNF.csv,1869376,.csv,False,raw/intermediate data retained locally; use manifests or documented remote access
D:\Gamer File\My Work\The PhD\Extra\Nframe\nframe_cms_stage2_event_boundary\data\processed\susy_relevance_benchmark_features\susy_htoaa4b_m12_signal_events_with_BNF.csv,data\processed\susy_relevance_benchmark_features\susy_htoaa4b_m12_signal_events_with_BNF.csv,831938,.csv,False,raw/intermediate data retained locally; use manifests or documented remote access
D:\Gamer File\My Work\The PhD\Extra\Nframe\nframe_cms_stage2_event_boundary\data\processed\susy_relevance_benchmark_features\susy_sm_benchmark_events_with_BNF.csv,data\processed\susy_relevance_benchmark_features\susy_sm_benchmark_events_with_BNF.csv,2700807,.csv,False,raw/intermediate data retained locally; use manifests or documented remote access
D:\Gamer File\My Work\The PhD\Extra\Nframe\nframe_cms_stage2_event_boundary\data\processed\trace_direction\benchmark_trace_direction_definitions.json,data\processed\trace_direction\benchmark_trace_direction_definitions.json,1198,.json,False,raw/intermediate data retained locally; use manifests or documented remote access
D:\Gamer File\My Work\The PhD\Extra\Nframe\nframe_cms_stage2_event_boundary\data\processed\trace_direction\combined_real_with_expanded_trace_direction.csv,data\processed\trace_direction\combined_real_with_expanded_trace_direction.csv,1420608255,.csv,False,raw/intermediate data retained locally; use manifests or documented remote access
D:\Gamer File\My Work\The PhD\Extra\Nframe\nframe_cms_stage2_event_boundary\data\processed\trace_direction\combined_real_with_full_component_signal_qcd_trace_direction.csv,data\processed\trace_direction\combined_real_with_full_component_signal_qcd_trace_direction.csv,1420539145,.csv,False,raw/intermediate data retained locally; use manifests or documented remote access
D:\Gamer File\My Work\The PhD\Extra\Nframe\nframe_cms_stage2_event_boundary\data\processed\trace_direction\combined_real_with_trace_direction.csv,data\processed\trace_direction\combined_real_with_trace_direction.csv,1407053735,.csv,False,raw/intermediate data retained locally; use manifests or documented remote access
D:\Gamer File\My Work\The PhD\Extra\Nframe\nframe_cms_stage2_event_boundary\data\processed\trace_direction\combined_real_with_trace_distances.csv,data\processed\trace_direction\combined_real_with_trace_distances.csv,1466444604,.csv,False,raw/intermediate data retained locally; use manifests or documented remote access
D:\Gamer File\My Work\The PhD\Extra\Nframe\nframe_cms_stage2_event_boundary\data\processed\trace_direction\run2016g_real_with_expanded_trace_direction.csv,data\processed\trace_direction\run2016g_real_with_expanded_trace_direction.csv,1218429365,.csv,False,raw/intermediate data retained locally; use manifests or documented remote access
D:\Gamer File\My Work\The PhD\Extra\Nframe\nframe_cms_stage2_event_boundary\data\processed\trace_direction\run2016g_real_with_full_component_signal_qcd_trace_direction.csv,data\processed\trace_direction\run2016g_real_with_full_component_signal_qcd_trace_direction.csv,1218381305,.csv,False,raw/intermediate data retained locally; use manifests or documented remote access
D:\Gamer File\My Work\The PhD\Extra\Nframe\nframe_cms_stage2_event_boundary\data\processed\trace_direction\run2016g_real_with_trace_direction.csv,data\processed\trace_direction\run2016g_real_with_trace_direction.csv,1207647397,.csv,False,raw/intermediate data retained locally; use manifests or documented remote access
D:\Gamer File\My Work\The PhD\Extra\Nframe\nframe_cms_stage2_event_boundary\data\processed\trace_direction\run2016g_real_with_trace_distances.csv,data\processed\trace_direction\run2016g_real_with_trace_distances.csv,1254826638,.csv,False,raw/intermediate data retained locally; use manifests or documented remote access
D:\Gamer File\My Work\The PhD\Extra\Nframe\nframe_cms_stage2_event_boundary\data\processed\trace_direction\run2016h_real_with_expanded_trace_direction.csv,data\processed\trace_direction\run2016h_real_with_expanded_trace_direction.csv,180013559,.csv,False,raw/intermediate data retained locally; use manifests or documented remote access
D:\Gamer File\My Work\The PhD\Extra\Nframe\nframe_cms_stage2_event_boundary\data\processed\trace_direction\run2016h_real_with_full_component_signal_qcd_trace_direction.csv,data\processed\trace_direction\run2016h_real_with_full_component_signal_qcd_trace_direction.csv,179992519,.csv,False,raw/intermediate data retained locally; use manifests or documented remote access
D:\Gamer File\My Work\The PhD\Extra\Nframe\nframe_cms_stage2_event_boundary\data\processed\trace_direction\run2016h_real_with_trace_direction.csv,data\processed\trace_direction\run2016h_real_with_trace_direction.csv,177240982,.csv,False,raw/intermediate data retained locally; use manifests or documented remote access
D:\Gamer File\My Work\The PhD\Extra\Nframe\nframe_cms_stage2_event_boundary\data\processed\trace_direction\run2016h_real_with_trace_distances.csv,data\processed\trace_direction\run2016h_real_with_trace_distances.csv,189452710,.csv,False,raw/intermediate data retained locally; use manifests or documented remote access
D:\Gamer File\My Work\The PhD\Extra\Nframe\nframe_cms_stage2_event_boundary\data\processed\trace_direction\top_trace_candidates_with_diagnostic_flags.csv,data\processed\trace_direction\top_trace_candidates_with_diagnostic_flags.csv,196972,.csv,False,raw/intermediate data retained locally; use manifests or documented remote access
D:\Gamer File\My Work\The PhD\Extra\Nframe\nframe_cms_stage2_event_boundary\outputs_remote_opq_sm_background_build\sumweight_chunks_latest.csv,outputs_remote_opq_sm_background_build\sumweight_chunks_latest.csv,128752,.csv,False,raw/intermediate data retained locally; use manifests or documented remote access
D:\Gamer File\My Work\The PhD\Extra\Nframe\nframe_cms_stage2_event_boundary\outputs_remote_opq_sm_background_build\logs\exact_sumweight_campaign.log,outputs_remote_opq_sm_background_build\logs\exact_sumweight_campaign.log,125180,.log,False,raw/intermediate data retained locally; use manifests or documented remote access
D:\Gamer File\My Work\The PhD\Extra\Nframe\nframe_cms_stage2_event_boundary\outputs_remote_opq_sm_background_build\logs\exact_sumweight_campaign_stderr.log,outputs_remote_opq_sm_background_build\logs\exact_sumweight_campaign_stderr.log,0,.log,False,raw/intermediate data retained locally; use manifests or documented remote access
D:\Gamer File\My Work\The PhD\Extra\Nframe\nframe_cms_stage2_event_boundary\outputs_remote_opq_sm_background_build\logs\exact_sumweight_campaign_stdout.log,outputs_remote_opq_sm_background_build\logs\exact_sumweight_campaign_stdout.log,62589,.log,False,raw/intermediate data retained locally; use manifests or documented remote access
D:\Gamer File\My Work\The PhD\Extra\Nframe\nframe_cms_stage2_event_boundary\outputs_remote_opq_sm_background_build\remote_xrootd\remote_opq_sm_63102_qcd.log,outputs_remote_opq_sm_background_build\remote_xrootd\remote_opq_sm_63102_qcd.log,9557,.log,False,raw/intermediate data retained locally; use manifests or documented remote access
D:\Gamer File\My Work\The PhD\Extra\Nframe\nframe_cms_stage2_event_boundary\outputs_remote_opq_sm_background_build\remote_xrootd\remote_opq_sm_63102_qcd_event_features.csv,outputs_remote_opq_sm_background_build\remote_xrootd\remote_opq_sm_63102_qcd_event_features.csv,2874382,.csv,False,raw/intermediate data retained locally; use manifests or documented remote access
D:\Gamer File\My Work\The PhD\Extra\Nframe\nframe_cms_stage2_event_boundary\outputs_remote_opq_sm_background_build\remote_xrootd\remote_opq_sm_63118_qcd.log,outputs_remote_opq_sm_background_build\remote_xrootd\remote_opq_sm_63118_qcd.log,9572,.log,False,raw/intermediate data retained locally; use manifests or documented remote access
D:\Gamer File\My Work\The PhD\Extra\Nframe\nframe_cms_stage2_event_boundary\outputs_remote_opq_sm_background_build\remote_xrootd\remote_opq_sm_63118_qcd_event_features.csv,outputs_remote_opq_sm_background_build\remote_xrootd\remote_opq_sm_63118_qcd_event_features.csv,2842568,.csv,False,raw/intermediate data retained locally; use manifests or documented remote access
D:\Gamer File\My Work\The PhD\Extra\Nframe\nframe_cms_stage2_event_boundary\outputs_remote_opq_sm_background_build\remote_xrootd\remote_opq_sm_63126_qcd.log,outputs_remote_opq_sm_background_build\remote_xrootd\remote_opq_sm_63126_qcd.log,9586,.log,False,raw/intermediate data retained locally; use manifests or documented remote access
D:\Gamer File\My Work\The PhD\Extra\Nframe\nframe_cms_stage2_event_boundary\outputs_remote_opq_sm_background_build\remote_xrootd\remote_opq_sm_63126_qcd_event_features.csv,outputs_remote_opq_sm_background_build\remote_xrootd\remote_opq_sm_63126_qcd_event_features.csv,2871929,.csv,False,raw/intermediate data retained locally; use manifests or documented remote access
D:\Gamer File\My Work\The PhD\Extra\Nframe\nframe_cms_stage2_event_boundary\outputs_remote_opq_sm_background_build\remote_xrootd\remote_opq_sm_67710_tttop.log,outputs_remote_opq_sm_background_build\remote_xrootd\remote_opq_sm_67710_tttop.log,7773,.log,False,raw/intermediate data retained locally; use manifests or documented remote access
D:\Gamer File\My Work\The PhD\Extra\Nframe\nframe_cms_stage2_event_boundary\outputs_remote_opq_sm_background_build\remote_xrootd\remote_opq_sm_67710_tttop_event_features.csv,outputs_remote_opq_sm_background_build\remote_xrootd\remote_opq_sm_67710_tttop_event_features.csv,685189,.csv,False,raw/intermediate data retained locally; use manifests or documented remote access
D:\Gamer File\My Work\The PhD\Extra\Nframe\nframe_cms_stage2_event_boundary\outputs_remote_opq_sm_background_build\remote_xrootd\remote_opq_sm_67722_tttop.log,outputs_remote_opq_sm_background_build\remote_xrootd\remote_opq_sm_67722_tttop.log,7973,.log,False,raw/intermediate data retained locally; use manifests or documented remote access
D:\Gamer File\My Work\The PhD\Extra\Nframe\nframe_cms_stage2_event_boundary\outputs_remote_opq_sm_background_build\remote_xrootd\remote_opq_sm_67722_tttop_event_features.csv,outputs_remote_opq_sm_background_build\remote_xrootd\remote_opq_sm_67722_tttop_event_features.csv,956709,.csv,False,raw/intermediate data retained locally; use manifests or documented remote access
D:\Gamer File\My Work\The PhD\Extra\Nframe\nframe_cms_stage2_event_boundary\outputs_remote_opq_sm_background_build\remote_xrootd\remote_opq_sm_67726_tttop.log,outputs_remote_opq_sm_background_build\remote_xrootd\remote_opq_sm_67726_tttop.log,7469,.log,False,raw/intermediate data retained locally; use manifests or documented remote access
D:\Gamer File\My Work\The PhD\Extra\Nframe\nframe_cms_stage2_event_boundary\outputs_remote_opq_sm_background_build\remote_xrootd\remote_opq_sm_67726_tttop_event_features.csv,outputs_remote_opq_sm_background_build\remote_xrootd\remote_opq_sm_67726_tttop_event_features.csv,149450,.csv,False,raw/intermediate data retained locally; use manifests or documented remote access
D:\Gamer File\My Work\The PhD\Extra\Nframe\nframe_cms_stage2_event_boundary\outputs_remote_opq_sm_background_build\remote_xrootd\remote_opq_sm_68072_ttassoc.log,outputs_remote_opq_sm_background_build\remote_xrootd\remote_opq_sm_68072_ttassoc.log,7865,.log,False,raw/intermediate data retained locally; use manifests or documented remote access
D:\Gamer File\My Work\The PhD\Extra\Nframe\nframe_cms_stage2_event_boundary\outputs_remote_opq_sm_background_build\remote_xrootd\remote_opq_sm_68072_ttassoc_event_features.csv,outputs_remote_opq_sm_background_build\remote_xrootd\remote_opq_sm_68072_ttassoc_event_features.csv,1001700,.csv,False,raw/intermediate data retained locally; use manifests or documented remote access
D:\Gamer File\My Work\The PhD\Extra\Nframe\nframe_cms_stage2_event_boundary\outputs_remote_opq_sm_background_build\remote_xrootd\remote_opq_sm_68082_ttassoc.log,outputs_remote_opq_sm_background_build\remote_xrootd\remote_opq_sm_68082_ttassoc.log,7602,.log,False,raw/intermediate data retained locally; use manifests or documented remote access
D:\Gamer File\My Work\The PhD\Extra\Nframe\nframe_cms_stage2_event_boundary\outputs_remote_opq_sm_background_build\remote_xrootd\remote_opq_sm_68082_ttassoc_event_features.csv,outputs_remote_opq_sm_background_build\remote_xrootd\remote_opq_sm_68082_ttassoc_event_features.csv,407312,.csv,False,raw/intermediate data retained locally; use manifests or documented remote access
D:\Gamer File\My Work\The PhD\Extra\Nframe\nframe_cms_stage2_event_boundary\outputs_remote_opq_sm_background_build\remote_xrootd\remote_opq_sm_68196_ttassoc.log,outputs_remote_opq_sm_background_build\remote_xrootd\remote_opq_sm_68196_ttassoc.log,7755,.log,False,raw/intermediate data retained locally; use manifests or documented remote access
D:\Gamer File\My Work\The PhD\Extra\Nframe\nframe_cms_stage2_event_boundary\outputs_remote_opq_sm_background_build\remote_xrootd\remote_opq_sm_68196_ttassoc_event_features.csv,outputs_remote_opq_sm_background_build\remote_xrootd\remote_opq_sm_68196_ttassoc_event_features.csv,1007662,.csv,False,raw/intermediate data retained locally; use manifests or documented remote access
D:\Gamer File\My Work\The PhD\Extra\Nframe\nframe_cms_stage2_event_boundary\outputs_remote_opq_sm_background_build\remote_xrootd\remote_opq_sm_68205_ttassoc.log,outputs_remote_opq_sm_background_build\remote_xrootd\remote_opq_sm_68205_ttassoc.log,7759,.log,False,raw/intermediate data retained locally; use manifests or documented remote access
D:\Gamer File\My Work\The PhD\Extra\Nframe\nframe_cms_stage2_event_boundary\outputs_remote_opq_sm_background_build\remote_xrootd\remote_opq_sm_68205_ttassoc_event_features.csv,outputs_remote_opq_sm_background_build\remote_xrootd\remote_opq_sm_68205_ttassoc_event_features.csv,999797,.csv,False,raw/intermediate data retained locally; use manifests or documented remote access
D:\Gamer File\My Work\The PhD\Extra\Nframe\nframe_cms_stage2_event_boundary\outputs_remote_opq_sm_background_build\remote_xrootd\remote_opq_sm_69548_wjets.log,outputs_remote_opq_sm_background_build\remote_xrootd\remote_opq_sm_69548_wjets.log,9427,.log,False,raw/intermediate data retained locally; use manifests or documented remote access
D:\Gamer File\My Work\The PhD\Extra\Nframe\nframe_cms_stage2_event_boundary\outputs_remote_opq_sm_background_build\remote_xrootd\remote_opq_sm_69548_wjets_event_features.csv,outputs_remote_opq_sm_background_build\remote_xrootd\remote_opq_sm_69548_wjets_event_features.csv,2913958,.csv,False,raw/intermediate data retained locally; use manifests or documented remote access
D:\Gamer File\My Work\The PhD\Extra\Nframe\nframe_cms_stage2_event_boundary\outputs_remote_opq_sm_background_build\remote_xrootd\remote_opq_sm_69746_wjets.log,outputs_remote_opq_sm_background_build\remote_xrootd\remote_opq_sm_69746_wjets.log,7790,.log,False,raw/intermediate data retained locally; use manifests or documented remote access
D:\Gamer File\My Work\The PhD\Extra\Nframe\nframe_cms_stage2_event_boundary\outputs_remote_opq_sm_background_build\remote_xrootd\remote_opq_sm_69746_wjets_event_features.csv,outputs_remote_opq_sm_background_build\remote_xrootd\remote_opq_sm_69746_wjets_event_features.csv,913522,.csv,False,raw/intermediate data retained locally; use manifests or documented remote access
D:\Gamer File\My Work\The PhD\Extra\Nframe\nframe_cms_stage2_event_boundary\outputs_remote_opq_sm_background_build\remote_xrootd\remote_opq_sm_72753_diboson.log,outputs_remote_opq_sm_background_build\remote_xrootd\remote_opq_sm_72753_diboson.log,10105,.log,False,raw/intermediate data retained locally; use manifests or documented remote access
D:\Gamer File\My Work\The PhD\Extra\Nframe\nframe_cms_stage2_event_boundary\outputs_remote_opq_sm_background_build\remote_xrootd\remote_opq_sm_72753_diboson_event_features.csv,outputs_remote_opq_sm_background_build\remote_xrootd\remote_opq_sm_72753_diboson_event_features.csv,2805706,.csv,False,raw/intermediate data retained locally; use manifests or documented remote access
D:\Gamer File\My Work\The PhD\Extra\Nframe\nframe_cms_stage2_event_boundary\outputs_remote_opq_sm_background_build\remote_xrootd\remote_opq_sm_74893_znunu.log,outputs_remote_opq_sm_background_build\remote_xrootd\remote_opq_sm_74893_znunu.log,7855,.log,False,raw/intermediate data retained locally; use manifests or documented remote access
D:\Gamer File\My Work\The PhD\Extra\Nframe\nframe_cms_stage2_event_boundary\outputs_remote_opq_sm_background_build\remote_xrootd\remote_opq_sm_74893_znunu_event_features.csv,outputs_remote_opq_sm_background_build\remote_xrootd\remote_opq_sm_74893_znunu_event_features.csv,909135,.csv,False,raw/intermediate data retained locally; use manifests or documented remote access
D:\Gamer File\My Work\The PhD\Extra\Nframe\nframe_cms_stage2_event_boundary\outputs_remote_opq_sm_background_build\remote_xrootd\remote_opq_sm_74895_znunu.log,outputs_remote_opq_sm_background_build\remote_xrootd\remote_opq_sm_74895_znunu.log,7521,.log,False,raw/intermediate data retained locally; use manifests or documented remote access
D:\Gamer File\My Work\The PhD\Extra\Nframe\nframe_cms_stage2_event_boundary\outputs_remote_opq_sm_background_build\remote_xrootd\remote_opq_sm_74895_znunu_event_features.csv,outputs_remote_opq_sm_background_build\remote_xrootd\remote_opq_sm_74895_znunu_event_features.csv,234738,.csv,False,raw/intermediate data retained locally; use manifests or documented remote access
D:\Gamer File\My Work\The PhD\Extra\Nframe\nframe_cms_stage2_event_boundary\outputs_remote_opq_sm_background_build\remote_xrootd\remote_opq_sm_74897_znunu.log,outputs_remote_opq_sm_background_build\remote_xrootd\remote_opq_sm_74897_znunu.log,7875,.log,False,raw/intermediate data retained locally; use manifests or documented remote access
D:\Gamer File\My Work\The PhD\Extra\Nframe\nframe_cms_stage2_event_boundary\outputs_remote_opq_sm_background_build\remote_xrootd\remote_opq_sm_74897_znunu_event_features.csv,outputs_remote_opq_sm_background_build\remote_xrootd\remote_opq_sm_74897_znunu_event_features.csv,940095,.csv,False,raw/intermediate data retained locally; use manifests or documented remote access
D:\Gamer File\My Work\The PhD\Extra\Nframe\nframe_cms_stage2_event_boundary\outputs_remote_opq_sm_background_build\remote_xrootd\remote_opq_sm_74899_znunu.log,outputs_remote_opq_sm_background_build\remote_xrootd\remote_opq_sm_74899_znunu.log,7862,.log,False,raw/intermediate data retained locally; use manifests or documented remote access
D:\Gamer File\My Work\The PhD\Extra\Nframe\nframe_cms_stage2_event_boundary\outputs_remote_opq_sm_background_build\remote_xrootd\remote_opq_sm_74899_znunu_event_features.csv,outputs_remote_opq_sm_background_build\remote_xrootd\remote_opq_sm_74899_znunu_event_features.csv,946426,.csv,False,raw/intermediate data retained locally; use manifests or documented remote access
D:\Gamer File\My Work\The PhD\Extra\Nframe\nframe_cms_stage2_event_boundary\outputs_remote_opq_sm_background_build\remote_xrootd\remote_opq_sm_74901_znunu.log,outputs_remote_opq_sm_background_build\remote_xrootd\remote_opq_sm_74901_znunu.log,7882,.log,False,raw/intermediate data retained locally; use manifests or documented remote access
D:\Gamer File\My Work\The PhD\Extra\Nframe\nframe_cms_stage2_event_boundary\outputs_remote_opq_sm_background_build\remote_xrootd\remote_opq_sm_74901_znunu_event_features.csv,outputs_remote_opq_sm_background_build\remote_xrootd\remote_opq_sm_74901_znunu_event_features.csv,948269,.csv,False,raw/intermediate data retained locally; use manifests or documented remote access
D:\Gamer File\My Work\The PhD\Extra\Nframe\nframe_cms_stage2_event_boundary\outputs_remote_opq_sm_background_build\remote_xrootd\remote_opq_sm_74903_znunu.log,outputs_remote_opq_sm_background_build\remote_xrootd\remote_opq_sm_74903_znunu.log,7873,.log,False,raw/intermediate data retained locally; use manifests or documented remote access
D:\Gamer File\My Work\The PhD\Extra\Nframe\nframe_cms_stage2_event_boundary\outputs_remote_opq_sm_background_build\remote_xrootd\remote_opq_sm_74903_znunu_event_features.csv,outputs_remote_opq_sm_background_build\remote_xrootd\remote_opq_sm_74903_znunu_event_features.csv,944980,.csv,False,raw/intermediate data retained locally; use manifests or documented remote access
D:\Gamer File\My Work\The PhD\Extra\Nframe\nframe_cms_stage2_event_boundary\outputs_remote_opq_sm_background_build\remote_xrootd\remote_opq_sm_74905_znunu.log,outputs_remote_opq_sm_background_build\remote_xrootd\remote_opq_sm_74905_znunu.log,7883,.log,False,raw/intermediate data retained locally; use manifests or documented remote access
D:\Gamer File\My Work\The PhD\Extra\Nframe\nframe_cms_stage2_event_boundary\outputs_remote_opq_sm_background_build\remote_xrootd\remote_opq_sm_74905_znunu_event_features.csv,outputs_remote_opq_sm_background_build\remote_xrootd\remote_opq_sm_74905_znunu_event_features.csv,830789,.csv,False,raw/intermediate data retained locally; use manifests or documented remote access
D:\Gamer File\My Work\The PhD\Extra\Nframe\nframe_cms_stage2_event_boundary\outputs_remote_opq_sm_background_build\remote_xrootd\remote_opq_sm_74907_znunu.log,outputs_remote_opq_sm_background_build\remote_xrootd\remote_opq_sm_74907_znunu.log,7465,.log,False,raw/intermediate data retained locally; use manifests or documented remote access
D:\Gamer File\My Work\The PhD\Extra\Nframe\nframe_cms_stage2_event_boundary\outputs_remote_opq_sm_background_build\remote_xrootd\remote_opq_sm_74907_znunu_event_features.csv,outputs_remote_opq_sm_background_build\remote_xrootd\remote_opq_sm_74907_znunu_event_features.csv,108312,.csv,False,raw/intermediate data retained locally; use manifests or documented remote access
D:\Gamer File\My Work\The PhD\Extra\Nframe\nframe_cms_stage2_event_boundary\outputs_remote_opq_sm_background_build\remote_xrootd\remote_opq_sm_74909_znunu.log,outputs_remote_opq_sm_background_build\remote_xrootd\remote_opq_sm_74909_znunu.log,7463,.log,False,raw/intermediate data retained locally; use manifests or documented remote access
D:\Gamer File\My Work\The PhD\Extra\Nframe\nframe_cms_stage2_event_boundary\outputs_remote_opq_sm_background_build\remote_xrootd\remote_opq_sm_74909_znunu_event_features.csv,outputs_remote_opq_sm_background_build\remote_xrootd\remote_opq_sm_74909_znunu_event_features.csv,13577,.csv,False,raw/intermediate data retained locally; use manifests or documented remote access
D:\Gamer File\My Work\The PhD\Extra\Nframe\nframe_cms_stage2_event_boundary\outputs_remote_opq_sm_background_build\remote_xrootd\remote_opq_sm_75592_diboson.log,outputs_remote_opq_sm_background_build\remote_xrootd\remote_opq_sm_75592_diboson.log,10061,.log,False,raw/intermediate data retained locally; use manifests or documented remote access
D:\Gamer File\My Work\The PhD\Extra\Nframe\nframe_cms_stage2_event_boundary\outputs_remote_opq_sm_background_build\remote_xrootd\remote_opq_sm_75592_diboson_event_features.csv,outputs_remote_opq_sm_background_build\remote_xrootd\remote_opq_sm_75592_diboson_event_features.csv,2759883,.csv,False,raw/intermediate data retained locally; use manifests or documented remote access
D:\Gamer File\My Work\The PhD\Extra\Nframe\nframe_cms_stage2_event_boundary\outputs_remote_opq_sm_background_build\reports\01_REMOTE_OPQ_SM_BACKGROUND_BUILD_PLAN.md,outputs_remote_opq_sm_background_build\reports\01_REMOTE_OPQ_SM_BACKGROUND_BUILD_PLAN.md,18416,.md,False,raw/intermediate data retained locally; use manifests or documented remote access
D:\Gamer File\My Work\The PhD\Extra\Nframe\nframe_cms_stage2_event_boundary\outputs_remote_opq_sm_background_build\reports\02_REMOTE_OPQ_SM_GENERATOR_WEIGHT_AUDIT.md,outputs_remote_opq_sm_background_build\reports\02_REMOTE_OPQ_SM_GENERATOR_WEIGHT_AUDIT.md,14467,.md,False,raw/intermediate data retained locally; use manifests or documented remote access
D:\Gamer File\My Work\The PhD\Extra\Nframe\nframe_cms_stage2_event_boundary\outputs_remote_opq_sm_background_build\reports\03_REMOTE_OPQ_SM_SHAPE_LAYER.md,outputs_remote_opq_sm_background_build\reports\03_REMOTE_OPQ_SM_SHAPE_LAYER.md,8139,.md,False,raw/intermediate data retained locally; use manifests or documented remote access
D:\Gamer File\My Work\The PhD\Extra\Nframe\nframe_cms_stage2_event_boundary\outputs_remote_opq_sm_background_build\reports\04_REMOTE_OPQ_SM_NORMALISATION_TIER_AUDIT.md,outputs_remote_opq_sm_background_build\reports\04_REMOTE_OPQ_SM_NORMALISATION_TIER_AUDIT.md,12688,.md,False,raw/intermediate data retained locally; use manifests or documented remote access
D:\Gamer File\My Work\The PhD\Extra\Nframe\nframe_cms_stage2_event_boundary\outputs_remote_opq_sm_background_build\reports\06_ZNUNU_HT_EXTENSION_PLAN.md,outputs_remote_opq_sm_background_build\reports\06_ZNUNU_HT_EXTENSION_PLAN.md,5971,.md,False,raw/intermediate data retained locally; use manifests or documented remote access
D:\Gamer File\My Work\The PhD\Extra\Nframe\nframe_cms_stage2_event_boundary\outputs_remote_opq_sm_background_build\reports\07_TTJETS_EXTENSION_PLAN.md,outputs_remote_opq_sm_background_build\reports\07_TTJETS_EXTENSION_PLAN.md,3602,.md,False,raw/intermediate data retained locally; use manifests or documented remote access
D:\Gamer File\My Work\The PhD\Extra\Nframe\nframe_cms_stage2_event_boundary\outputs_remote_opq_sm_background_build\reports\08_TOP_ASSOCIATED_EXTENSION_PLAN.md,outputs_remote_opq_sm_background_build\reports\08_TOP_ASSOCIATED_EXTENSION_PLAN.md,5724,.md,False,raw/intermediate data retained locally; use manifests or documented remote access
D:\Gamer File\My Work\The PhD\Extra\Nframe\nframe_cms_stage2_event_boundary\outputs_remote_opq_sm_background_build\reports\09_EXACT_GENFILTER_SUMWEIGHT_FILE_PLAN.md,outputs_remote_opq_sm_background_build\reports\09_EXACT_GENFILTER_SUMWEIGHT_FILE_PLAN.md,2733,.md,False,raw/intermediate data retained locally; use manifests or documented remote access
D:\Gamer File\My Work\The PhD\Extra\Nframe\nframe_cms_stage2_event_boundary\outputs_remote_opq_sm_background_build\reports\10_EXACT_HYBRID_SM_NORMALISATION_TIER_AUDIT.md,outputs_remote_opq_sm_background_build\reports\10_EXACT_HYBRID_SM_NORMALISATION_TIER_AUDIT.md,8445,.md,False,raw/intermediate data retained locally; use manifests or documented remote access
D:\Gamer File\My Work\The PhD\Extra\Nframe\nframe_cms_stage2_event_boundary\outputs_remote_opq_sm_background_build\tables\01_remote_sm_record_metadata.csv,outputs_remote_opq_sm_background_build\tables\01_remote_sm_record_metadata.csv,9665,.csv,False,raw/intermediate data retained locally; use manifests or documented remote access
D:\Gamer File\My Work\The PhD\Extra\Nframe\nframe_cms_stage2_event_boundary\outputs_remote_opq_sm_background_build\tables\02_remote_sm_distributed_file_manifest.csv,outputs_remote_opq_sm_background_build\tables\02_remote_sm_distributed_file_manifest.csv,11532,.csv,False,raw/intermediate data retained locally; use manifests or documented remote access
D:\Gamer File\My Work\The PhD\Extra\Nframe\nframe_cms_stage2_event_boundary\outputs_remote_opq_sm_background_build\tables\03_remote_sm_extraction_ledger.csv,outputs_remote_opq_sm_background_build\tables\03_remote_sm_extraction_ledger.csv,8907,.csv,False,raw/intermediate data retained locally; use manifests or documented remote access
D:\Gamer File\My Work\The PhD\Extra\Nframe\nframe_cms_stage2_event_boundary\outputs_remote_opq_sm_background_build\tables\04_remote_sm_generator_weight_audit.csv,outputs_remote_opq_sm_background_build\tables\04_remote_sm_generator_weight_audit.csv,3993,.csv,False,raw/intermediate data retained locally; use manifests or documented remote access
D:\Gamer File\My Work\The PhD\Extra\Nframe\nframe_cms_stage2_event_boundary\outputs_remote_opq_sm_background_build\tables\05_remote_sm_coverage_summary.csv,outputs_remote_opq_sm_background_build\tables\05_remote_sm_coverage_summary.csv,268,.csv,False,raw/intermediate data retained locally; use manifests or documented remote access
D:\Gamer File\My Work\The PhD\Extra\Nframe\nframe_cms_stage2_event_boundary\outputs_remote_opq_sm_background_build\tables\06_remote_sm_opq_shape_summary.csv,outputs_remote_opq_sm_background_build\tables\06_remote_sm_opq_shape_summary.csv,4583,.csv,False,raw/intermediate data retained locally; use manifests or documented remote access
D:\Gamer File\My Work\The PhD\Extra\Nframe\nframe_cms_stage2_event_boundary\outputs_remote_opq_sm_background_build\tables\07_remote_sm_opq_shape_scored_events.csv,outputs_remote_opq_sm_background_build\tables\07_remote_sm_opq_shape_scored_events.csv,66382212,.csv,False,raw/intermediate data retained locally; use manifests or documented remote access
D:\Gamer File\My Work\The PhD\Extra\Nframe\nframe_cms_stage2_event_boundary\outputs_remote_opq_sm_background_build\tables\08_remote_sm_normalisation_tiers.csv,outputs_remote_opq_sm_background_build\tables\08_remote_sm_normalisation_tiers.csv,3561,.csv,False,raw/intermediate data retained locally; use manifests or documented remote access
D:\Gamer File\My Work\The PhD\Extra\Nframe\nframe_cms_stage2_event_boundary\outputs_remote_opq_sm_background_build\tables\09_cern_record_sumweight_field_search.csv,outputs_remote_opq_sm_background_build\tables\09_cern_record_sumweight_field_search.csv,2,.csv,False,raw/intermediate data retained locally; use manifests or documented remote access
D:\Gamer File\My Work\The PhD\Extra\Nframe\nframe_cms_stage2_event_boundary\outputs_remote_opq_sm_background_build\tables\10_znunu_ht_extension_records.csv,outputs_remote_opq_sm_background_build\tables\10_znunu_ht_extension_records.csv,3247,.csv,False,raw/intermediate data retained locally; use manifests or documented remote access
D:\Gamer File\My Work\The PhD\Extra\Nframe\nframe_cms_stage2_event_boundary\outputs_remote_opq_sm_background_build\tables\11_top_extension_records.csv,outputs_remote_opq_sm_background_build\tables\11_top_extension_records.csv,1606,.csv,False,raw/intermediate data retained locally; use manifests or documented remote access
D:\Gamer File\My Work\The PhD\Extra\Nframe\nframe_cms_stage2_event_boundary\outputs_remote_opq_sm_background_build\tables\12_top_associated_search_records.csv,outputs_remote_opq_sm_background_build\tables\12_top_associated_search_records.csv,779,.csv,False,raw/intermediate data retained locally; use manifests or documented remote access
D:\Gamer File\My Work\The PhD\Extra\Nframe\nframe_cms_stage2_event_boundary\outputs_remote_opq_sm_background_build\tables\13_top_associated_extension_records.csv,outputs_remote_opq_sm_background_build\tables\13_top_associated_extension_records.csv,1942,.csv,False,raw/intermediate data retained locally; use manifests or documented remote access
D:\Gamer File\My Work\The PhD\Extra\Nframe\nframe_cms_stage2_event_boundary\outputs_remote_opq_sm_background_build\tables\14_exact_genfilter_sumweight_file_plan.csv,outputs_remote_opq_sm_background_build\tables\14_exact_genfilter_sumweight_file_plan.csv,766605,.csv,False,raw/intermediate data retained locally; use manifests or documented remote access
D:\Gamer File\My Work\The PhD\Extra\Nframe\nframe_cms_stage2_event_boundary\outputs_remote_opq_sm_background_build\tables\15_exact_genfilter_sumweight_file_plan_summary.csv,outputs_remote_opq_sm_background_build\tables\15_exact_genfilter_sumweight_file_plan_summary.csv,772,.csv,False,raw/intermediate data retained locally; use manifests or documented remote access
D:\Gamer File\My Work\The PhD\Extra\Nframe\nframe_cms_stage2_event_boundary\outputs_remote_opq_sm_background_build\tables\16_exact_genfilter_sumweights_resumable.csv,outputs_remote_opq_sm_background_build\tables\16_exact_genfilter_sumweights_resumable.csv,128752,.csv,False,raw/intermediate data retained locally; use manifests or documented remote access
D:\Gamer File\My Work\The PhD\Extra\Nframe\nframe_cms_stage2_event_boundary\outputs_remote_opq_sm_background_build\tables\17_exact_hybrid_sm_normalisation_tiers.csv,outputs_remote_opq_sm_background_build\tables\17_exact_hybrid_sm_normalisation_tiers.csv,6134,.csv,False,raw/intermediate data retained locally; use manifests or documented remote access
D:\Gamer File\My Work\The PhD\Extra\Nframe\nframe_cms_stage2_event_boundary\outputs_remote_opq_sm_background_build\tables\18_exact_hybrid_sm_normalisation_tier_summary.csv,outputs_remote_opq_sm_background_build\tables\18_exact_hybrid_sm_normalisation_tier_summary.csv,370,.csv,False,raw/intermediate data retained locally; use manifests or documented remote access
