analysis,source_type,url,local_path,download_status,timestamp
ATLAS-SUSY-2015-02-eff,SModelS_metadata,https://raw.githubusercontent.com/SModelS/smodels-database-release/main/13TeV/ATLAS/ATLAS-SUSY-2015-02-eff/SR1/dataInfo.txt,,"failed: HTTPSConnectionPool(host='raw.githubusercontent.com', port=443): Max retries exceeded with url: /SModelS/smodels-database-release/main/13TeV/ATLAS/ATLAS-SUSY-2015-02-eff/SR1/dataInfo.txt (Caused by NewConnectionError(""HTTPSConnection(host='raw.githubusercontent.com', port=443): Failed to establish a new connection: [WinError 10013] An attempt was made to access a socket in a way forbidden by its access permissions""))",2026-06-04T02:08:17.858024+00:00
ATLAS-SUSY-2015-02-eff,HEPData,https://www.hepdata.net/search/?q=https://arxiv.org/abs/1606.03903,,skipped_no_direct_url,2026-06-04T02:08:17.858935+00:00
ATLAS-SUSY-2015-02-eff,paper_or_aux,https://atlas.web.cern.ch/Atlas/GROUPS/PHYSICS/PAPERS/SUSY-2015-02/,,"failed: HTTPSConnectionPool(host='atlas.web.cern.ch', port=443): Max retries exceeded with url: /Atlas/GROUPS/PHYSICS/PAPERS/SUSY-2015-02/ (Caused by NewConnectionError(""HTTPSConnection(host='atlas.web.cern.ch', port=443): Failed to establish a new connection: [WinError 10013] An attempt was made to access a socket in a way forbidden by its access permissions""))",2026-06-04T02:08:17.996224+00:00
ATLAS-SUSY-2015-06-eff,SModelS_metadata,https://raw.githubusercontent.com/SModelS/smodels-database-release/main/13TeV/ATLAS/ATLAS-SUSY-2015-06-eff/SR2jl/dataInfo.txt,,"failed: HTTPSConnectionPool(host='raw.githubusercontent.com', port=443): Max retries exceeded with url: /SModelS/smodels-database-release/main/13TeV/ATLAS/ATLAS-SUSY-2015-06-eff/SR2jl/dataInfo.txt (Caused by NewConnectionError(""HTTPSConnection(host='raw.githubusercontent.com', port=443): Failed to establish a new connection: [WinError 10013] An attempt was made to access a socket in a way forbidden by its access permissions""))",2026-06-04T02:08:18.119436+00:00
ATLAS-SUSY-2015-06-eff,HEPData,https://www.hepdata.net/search/?q=https://arxiv.org/abs/1605.03814,,skipped_no_direct_url,2026-06-04T02:08:18.120426+00:00
ATLAS-SUSY-2015-06-eff,paper_or_aux,http://atlas.web.cern.ch/Atlas/GROUPS/PHYSICS/PAPERS/SUSY-2015-06/,,"failed: HTTPConnectionPool(host='atlas.web.cern.ch', port=80): Max retries exceeded with url: /Atlas/GROUPS/PHYSICS/PAPERS/SUSY-2015-06/ (Caused by NewConnectionError(""HTTPConnection(host='atlas.web.cern.ch', port=80): Failed to establish a new connection: [WinError 10013] An attempt was made to access a socket in a way forbidden by its access permissions""))",2026-06-04T02:08:18.211397+00:00
ATLAS-SUSY-2016-06-eff,SModelS_metadata,https://raw.githubusercontent.com/SModelS/smodels-database-release/main/13TeV/ATLAS/ATLAS-SUSY-2016-06-eff/SR_EW/dataInfo.txt,,"failed: HTTPSConnectionPool(host='raw.githubusercontent.com', port=443): Max retries exceeded with url: /SModelS/smodels-database-release/main/13TeV/ATLAS/ATLAS-SUSY-2016-06-eff/SR_EW/dataInfo.txt (Caused by NewConnectionError(""HTTPSConnection(host='raw.githubusercontent.com', port=443): Failed to establish a new connection: [WinError 10013] An attempt was made to access a socket in a way forbidden by its access permissions""))",2026-06-04T02:08:18.338010+00:00
ATLAS-SUSY-2016-06-eff,HEPData,https://www.hepdata.net/search/?q=https://arxiv.org/abs/1712.02118,,skipped_no_direct_url,2026-06-04T02:08:18.339010+00:00
ATLAS-SUSY-2016-06-eff,paper_or_aux,https://atlas.web.cern.ch/Atlas/GROUPS/PHYSICS/PAPERS/SUSY-2016-06/,,"failed: HTTPSConnectionPool(host='atlas.web.cern.ch', port=443): Max retries exceeded with url: /Atlas/GROUPS/PHYSICS/PAPERS/SUSY-2016-06/ (Caused by NewConnectionError(""HTTPSConnection(host='atlas.web.cern.ch', port=443): Failed to establish a new connection: [WinError 10013] An attempt was made to access a socket in a way forbidden by its access permissions""))",2026-06-04T02:08:18.430798+00:00
ATLAS-SUSY-2016-07-eff,SModelS_metadata,https://raw.githubusercontent.com/SModelS/smodels-database-release/main/13TeV/ATLAS/ATLAS-SUSY-2016-07-eff/2j_Meff_1200/dataInfo.txt,,"failed: HTTPSConnectionPool(host='raw.githubusercontent.com', port=443): Max retries exceeded with url: /SModelS/smodels-database-release/main/13TeV/ATLAS/ATLAS-SUSY-2016-07-eff/2j_Meff_1200/dataInfo.txt (Caused by NewConnectionError(""HTTPSConnection(host='raw.githubusercontent.com', port=443): Failed to establish a new connection: [WinError 10013] An attempt was made to access a socket in a way forbidden by its access permissions""))",2026-06-04T02:08:18.557799+00:00
ATLAS-SUSY-2016-07-eff,HEPData,https://www.hepdata.net/search/?q=https://arxiv.org/abs/1712.02332,,skipped_no_direct_url,2026-06-04T02:08:18.558800+00:00
ATLAS-SUSY-2016-07-eff,paper_or_aux,https://atlas.web.cern.ch/Atlas/GROUPS/PHYSICS/PAPERS/SUSY-2016-07/,,"failed: HTTPSConnectionPool(host='atlas.web.cern.ch', port=443): Max retries exceeded with url: /Atlas/GROUPS/PHYSICS/PAPERS/SUSY-2016-07/ (Caused by NewConnectionError(""HTTPSConnection(host='atlas.web.cern.ch', port=443): Failed to establish a new connection: [WinError 10013] An attempt was made to access a socket in a way forbidden by its access permissions""))",2026-06-04T02:08:18.620798+00:00
ATLAS-SUSY-2016-16-eff,SModelS_metadata,https://raw.githubusercontent.com/SModelS/smodels-database-release/main/13TeV/ATLAS/ATLAS-SUSY-2016-16-eff/bWN/dataInfo.txt,,"failed: HTTPSConnectionPool(host='raw.githubusercontent.com', port=443): Max retries exceeded with url: /SModelS/smodels-database-release/main/13TeV/ATLAS/ATLAS-SUSY-2016-16-eff/bWN/dataInfo.txt (Caused by NewConnectionError(""HTTPSConnection(host='raw.githubusercontent.com', port=443): Failed to establish a new connection: [WinError 10013] An attempt was made to access a socket in a way forbidden by its access permissions""))",2026-06-04T02:08:18.636798+00:00
ATLAS-SUSY-2016-16-eff,HEPData,https://www.hepdata.net/search/?q=https://arxiv.org/abs/1711.11520,,skipped_no_direct_url,2026-06-04T02:08:18.636798+00:00
ATLAS-SUSY-2016-16-eff,paper_or_aux,https://atlas.web.cern.ch/Atlas/GROUPS/PHYSICS/PAPERS/SUSY-2016-16/,,"failed: HTTPSConnectionPool(host='atlas.web.cern.ch', port=443): Max retries exceeded with url: /Atlas/GROUPS/PHYSICS/PAPERS/SUSY-2016-16/ (Caused by NewConnectionError(""HTTPSConnection(host='atlas.web.cern.ch', port=443): Failed to establish a new connection: [WinError 10013] An attempt was made to access a socket in a way forbidden by its access permissions""))",2026-06-04T02:08:18.729803+00:00
ATLAS-SUSY-2016-24-eff,SModelS_metadata,https://raw.githubusercontent.com/SModelS/smodels-database-release/main/13TeV/ATLAS/ATLAS-SUSY-2016-24-eff/SR2-SF-loose/dataInfo.txt,,"failed: HTTPSConnectionPool(host='raw.githubusercontent.com', port=443): Max retries exceeded with url: /SModelS/smodels-database-release/main/13TeV/ATLAS/ATLAS-SUSY-2016-24-eff/SR2-SF-loose/dataInfo.txt (Caused by NewConnectionError(""HTTPSConnection(host='raw.githubusercontent.com', port=443): Failed to establish a new connection: [WinError 10013] An attempt was made to access a socket in a way forbidden by its access permissions""))",2026-06-04T02:08:18.855789+00:00
ATLAS-SUSY-2016-24-eff,HEPData,https://www.hepdata.net/search/?q=https://arxiv.org/abs/1803.02762,,skipped_no_direct_url,2026-06-04T02:08:18.855789+00:00
ATLAS-SUSY-2016-24-eff,paper_or_aux,https://atlas.web.cern.ch/Atlas/GROUPS/PHYSICS/PAPERS/SUSY-2016-24/,,"failed: HTTPSConnectionPool(host='atlas.web.cern.ch', port=443): Max retries exceeded with url: /Atlas/GROUPS/PHYSICS/PAPERS/SUSY-2016-24/ (Caused by NewConnectionError(""HTTPSConnection(host='atlas.web.cern.ch', port=443): Failed to establish a new connection: [WinError 10013] An attempt was made to access a socket in a way forbidden by its access permissions""))",2026-06-04T02:08:18.950425+00:00
ATLAS-SUSY-2016-27-eff,SModelS_metadata,https://raw.githubusercontent.com/SModelS/smodels-database-release/main/13TeV/ATLAS/ATLAS-SUSY-2016-27-eff/SRyy-SH/dataInfo.txt,,"failed: HTTPSConnectionPool(host='raw.githubusercontent.com', port=443): Max retries exceeded with url: /SModelS/smodels-database-release/main/13TeV/ATLAS/ATLAS-SUSY-2016-27-eff/SRyy-SH/dataInfo.txt (Caused by NewConnectionError(""HTTPSConnection(host='raw.githubusercontent.com', port=443): Failed to establish a new connection: [WinError 10013] An attempt was made to access a socket in a way forbidden by its access permissions""))",2026-06-04T02:08:19.076496+00:00
ATLAS-SUSY-2016-27-eff,HEPData,https://www.hepdata.net/search/?q=https://arxiv.org/abs/1802.03158,,skipped_no_direct_url,2026-06-04T02:08:19.077397+00:00
ATLAS-SUSY-2016-27-eff,paper_or_aux,https://atlas.web.cern.ch/Atlas/GROUPS/PHYSICS/PAPERS/SUSY-2016-27/,,"failed: HTTPSConnectionPool(host='atlas.web.cern.ch', port=443): Max retries exceeded with url: /Atlas/GROUPS/PHYSICS/PAPERS/SUSY-2016-27/ (Caused by NewConnectionError(""HTTPSConnection(host='atlas.web.cern.ch', port=443): Failed to establish a new connection: [WinError 10013] An attempt was made to access a socket in a way forbidden by its access permissions""))",2026-06-04T02:08:19.154619+00:00
ATLAS-SUSY-2016-32-eff-trim,SModelS_metadata,https://raw.githubusercontent.com/SModelS/smodels-database-release/main/13TeV/ATLAS/ATLAS-SUSY-2016-32-eff-trim/SR1FULL_175/dataInfo.txt,,"failed: HTTPSConnectionPool(host='raw.githubusercontent.com', port=443): Max retries exceeded with url: /SModelS/smodels-database-release/main/13TeV/ATLAS/ATLAS-SUSY-2016-32-eff-trim/SR1FULL_175/dataInfo.txt (Caused by NewConnectionError(""HTTPSConnection(host='raw.githubusercontent.com', port=443): Failed to establish a new connection: [WinError 10013] An attempt was made to access a socket in a way forbidden by its access permissions""))",2026-06-04T02:08:19.263171+00:00
ATLAS-SUSY-2016-32-eff-trim,HEPData,https://www.hepdata.net/search/?q=https://arxiv.org/abs/1902.01636,,skipped_no_direct_url,2026-06-04T02:08:19.263171+00:00
ATLAS-SUSY-2016-32-eff-trim,paper_or_aux,http://atlas.web.cern.ch/Atlas/GROUPS/PHYSICS/PAPERS/SUSY-2016-32/,,"failed: HTTPConnectionPool(host='atlas.web.cern.ch', port=80): Max retries exceeded with url: /Atlas/GROUPS/PHYSICS/PAPERS/SUSY-2016-32/ (Caused by NewConnectionError(""HTTPConnection(host='atlas.web.cern.ch', port=80): Failed to establish a new connection: [WinError 10013] An attempt was made to access a socket in a way forbidden by its access permissions""))",2026-06-04T02:08:19.357944+00:00
ATLAS-SUSY-2017-03-eff,SModelS_metadata,https://raw.githubusercontent.com/SModelS/smodels-database-release/main/13TeV/ATLAS/ATLAS-SUSY-2017-03-eff/SR2l_High/dataInfo.txt,,"failed: HTTPSConnectionPool(host='raw.githubusercontent.com', port=443): Max retries exceeded with url: /SModelS/smodels-database-release/main/13TeV/ATLAS/ATLAS-SUSY-2017-03-eff/SR2l_High/dataInfo.txt (Caused by NewConnectionError(""HTTPSConnection(host='raw.githubusercontent.com', port=443): Failed to establish a new connection: [WinError 10013] An attempt was made to access a socket in a way forbidden by its access permissions""))",2026-06-04T02:08:19.482949+00:00
ATLAS-SUSY-2017-03-eff,HEPData,https://www.hepdata.net/search/?q=https://arxiv.org/abs/1806.02293,,skipped_no_direct_url,2026-06-04T02:08:19.483914+00:00
ATLAS-SUSY-2017-03-eff,paper_or_aux,https://atlas.web.cern.ch/Atlas/GROUPS/PHYSICS/PAPERS/SUSY-2017-03/,,"failed: HTTPSConnectionPool(host='atlas.web.cern.ch', port=443): Max retries exceeded with url: /Atlas/GROUPS/PHYSICS/PAPERS/SUSY-2017-03/ (Caused by NewConnectionError(""HTTPSConnection(host='atlas.web.cern.ch', port=443): Failed to establish a new connection: [WinError 10013] An attempt was made to access a socket in a way forbidden by its access permissions""))",2026-06-04T02:08:19.576914+00:00
ATLAS-SUSY-2018-04-eff,SModelS_metadata,https://raw.githubusercontent.com/SModelS/smodels-database-release/main/13TeV/ATLAS/ATLAS-SUSY-2018-04-eff/SRhigh/dataInfo.txt,,"failed: HTTPSConnectionPool(host='raw.githubusercontent.com', port=443): Max retries exceeded with url: /SModelS/smodels-database-release/main/13TeV/ATLAS/ATLAS-SUSY-2018-04-eff/SRhigh/dataInfo.txt (Caused by NewConnectionError(""HTTPSConnection(host='raw.githubusercontent.com', port=443): Failed to establish a new connection: [WinError 10013] An attempt was made to access a socket in a way forbidden by its access permissions""))",2026-06-04T02:08:19.687320+00:00
ATLAS-SUSY-2018-04-eff,HEPData,https://www.hepdata.net/search/?q=https://arxiv.org/abs/1911.06660,,skipped_no_direct_url,2026-06-04T02:08:19.687320+00:00
ATLAS-SUSY-2018-04-eff,paper_or_aux,https://atlas.web.cern.ch/Atlas/GROUPS/PHYSICS/PAPERS/SUSY-2018-04/,,"failed: HTTPSConnectionPool(host='atlas.web.cern.ch', port=443): Max retries exceeded with url: /Atlas/GROUPS/PHYSICS/PAPERS/SUSY-2018-04/ (Caused by NewConnectionError(""HTTPSConnection(host='atlas.web.cern.ch', port=443): Failed to establish a new connection: [WinError 10013] An attempt was made to access a socket in a way forbidden by its access permissions""))",2026-06-04T02:08:19.780291+00:00
ATLAS-SUSY-2018-05-ewk-eff,SModelS_metadata,https://raw.githubusercontent.com/SModelS/smodels-database-release/main/13TeV/ATLAS/ATLAS-SUSY-2018-05-ewk-eff/SRHigh16_1_cuts/dataInfo.txt,,"failed: HTTPSConnectionPool(host='raw.githubusercontent.com', port=443): Max retries exceeded with url: /SModelS/smodels-database-release/main/13TeV/ATLAS/ATLAS-SUSY-2018-05-ewk-eff/SRHigh16_1_cuts/dataInfo.txt (Caused by NewConnectionError(""HTTPSConnection(host='raw.githubusercontent.com', port=443): Failed to establish a new connection: [WinError 10013] An attempt was made to access a socket in a way forbidden by its access permissions""))",2026-06-04T02:08:19.906039+00:00
ATLAS-SUSY-2018-05-ewk-eff,HEPData,https://www.hepdata.net/search/?q=https://arxiv.org/abs/2204.13072,,skipped_no_direct_url,2026-06-04T02:08:19.906039+00:00
ATLAS-SUSY-2018-05-ewk-eff,paper_or_aux,https://atlas.web.cern.ch/Atlas/GROUPS/PHYSICS/PAPERS/SUSY-2018-05/,,"failed: HTTPSConnectionPool(host='atlas.web.cern.ch', port=443): Max retries exceeded with url: /Atlas/GROUPS/PHYSICS/PAPERS/SUSY-2018-05/ (Caused by NewConnectionError(""HTTPSConnection(host='atlas.web.cern.ch', port=443): Failed to establish a new connection: [WinError 10013] An attempt was made to access a socket in a way forbidden by its access permissions""))",2026-06-04T02:08:20.000618+00:00
ATLAS-SUSY-2018-05-strong-eff,SModelS_metadata,https://raw.githubusercontent.com/SModelS/smodels-database-release/main/13TeV/ATLAS/ATLAS-SUSY-2018-05-strong-eff/SRC_Bin_1/dataInfo.txt,,"failed: HTTPSConnectionPool(host='raw.githubusercontent.com', port=443): Max retries exceeded with url: /SModelS/smodels-database-release/main/13TeV/ATLAS/ATLAS-SUSY-2018-05-strong-eff/SRC_Bin_1/dataInfo.txt (Caused by NewConnectionError(""HTTPSConnection(host='raw.githubusercontent.com', port=443): Failed to establish a new connection: [WinError 10013] An attempt was made to access a socket in a way forbidden by its access permissions""))",2026-06-04T02:08:20.108567+00:00
ATLAS-SUSY-2018-05-strong-eff,HEPData,https://www.hepdata.net/search/?q=https://arxiv.org/abs/2204.13072,,skipped_no_direct_url,2026-06-04T02:08:20.108567+00:00
ATLAS-SUSY-2018-05-strong-eff,paper_or_aux,https://atlas.web.cern.ch/Atlas/GROUPS/PHYSICS/PAPERS/SUSY-2018-05/,,"failed: HTTPSConnectionPool(host='atlas.web.cern.ch', port=443): Max retries exceeded with url: /Atlas/GROUPS/PHYSICS/PAPERS/SUSY-2018-05/ (Caused by NewConnectionError(""HTTPSConnection(host='atlas.web.cern.ch', port=443): Failed to establish a new connection: [WinError 10013] An attempt was made to access a socket in a way forbidden by its access permissions""))",2026-06-04T02:08:20.201282+00:00
ATLAS-SUSY-2018-06-eff,SModelS_metadata,https://raw.githubusercontent.com/SModelS/smodels-database-release/main/13TeV/ATLAS/ATLAS-SUSY-2018-06-eff/SR_ISR/dataInfo.txt,,"failed: HTTPSConnectionPool(host='raw.githubusercontent.com', port=443): Max retries exceeded with url: /SModelS/smodels-database-release/main/13TeV/ATLAS/ATLAS-SUSY-2018-06-eff/SR_ISR/dataInfo.txt (Caused by NewConnectionError(""HTTPSConnection(host='raw.githubusercontent.com', port=443): Failed to establish a new connection: [WinError 10013] An attempt was made to access a socket in a way forbidden by its access permissions""))",2026-06-04T02:08:20.326282+00:00
ATLAS-SUSY-2018-06-eff,HEPData,https://www.hepdata.net/search/?q=https://arxiv.org/abs/1912.08479,,skipped_no_direct_url,2026-06-04T02:08:20.327251+00:00
ATLAS-SUSY-2018-06-eff,paper_or_aux,https://atlas.web.cern.ch/Atlas/GROUPS/PHYSICS/PAPERS/SUSY-2018-06/,,"failed: HTTPSConnectionPool(host='atlas.web.cern.ch', port=443): Max retries exceeded with url: /Atlas/GROUPS/PHYSICS/PAPERS/SUSY-2018-06/ (Caused by NewConnectionError(""HTTPSConnection(host='atlas.web.cern.ch', port=443): Failed to establish a new connection: [WinError 10013] An attempt was made to access a socket in a way forbidden by its access permissions""))",2026-06-04T02:08:20.403287+00:00
ATLAS-SUSY-2018-08-eff,SModelS_metadata,https://raw.githubusercontent.com/SModelS/smodels-database-release/main/13TeV/ATLAS/ATLAS-SUSY-2018-08-eff/SR4la/dataInfo.txt,,"failed: HTTPSConnectionPool(host='raw.githubusercontent.com', port=443): Max retries exceeded with url: /SModelS/smodels-database-release/main/13TeV/ATLAS/ATLAS-SUSY-2018-08-eff/SR4la/dataInfo.txt (Caused by NewConnectionError(""HTTPSConnection(host='raw.githubusercontent.com', port=443): Failed to establish a new connection: [WinError 10013] An attempt was made to access a socket in a way forbidden by its access permissions""))",2026-06-04T02:08:20.513277+00:00
ATLAS-SUSY-2018-08-eff,HEPData,https://www.hepdata.net/search/?q=https://arxiv.org/abs/2102.01444,,skipped_no_direct_url,2026-06-04T02:08:20.514255+00:00
ATLAS-SUSY-2018-08-eff,paper_or_aux,https://atlas.web.cern.ch/Atlas/GROUPS/PHYSICS/PAPERS/SUSY-2018-08/,,"failed: HTTPSConnectionPool(host='atlas.web.cern.ch', port=443): Max retries exceeded with url: /Atlas/GROUPS/PHYSICS/PAPERS/SUSY-2018-08/ (Caused by NewConnectionError(""HTTPSConnection(host='atlas.web.cern.ch', port=443): Failed to establish a new connection: [WinError 10013] An attempt was made to access a socket in a way forbidden by its access permissions""))",2026-06-04T02:08:20.606343+00:00
ATLAS-SUSY-2018-10-eff,SModelS_metadata,https://raw.githubusercontent.com/SModelS/smodels-database-release/main/13TeV/ATLAS/ATLAS-SUSY-2018-10-eff/2j0b_1/dataInfo.txt,,"failed: HTTPSConnectionPool(host='raw.githubusercontent.com', port=443): Max retries exceeded with url: /SModelS/smodels-database-release/main/13TeV/ATLAS/ATLAS-SUSY-2018-10-eff/2j0b_1/dataInfo.txt (Caused by NewConnectionError(""HTTPSConnection(host='raw.githubusercontent.com', port=443): Failed to establish a new connection: [WinError 10013] An attempt was made to access a socket in a way forbidden by its access permissions""))",2026-06-04T02:08:20.609343+00:00
ATLAS-SUSY-2018-10-eff,HEPData,https://www.hepdata.net/search/?q=https://arxiv.org/abs/2101.01629,,skipped_no_direct_url,2026-06-04T02:08:20.610342+00:00
ATLAS-SUSY-2018-10-eff,paper_or_aux,https://atlas.web.cern.ch/Atlas/GROUPS/PHYSICS/PAPERS/SUSY-2018-10/,,"failed: HTTPSConnectionPool(host='atlas.web.cern.ch', port=443): Max retries exceeded with url: /Atlas/GROUPS/PHYSICS/PAPERS/SUSY-2018-10/ (Caused by NewConnectionError(""HTTPSConnection(host='atlas.web.cern.ch', port=443): Failed to establish a new connection: [WinError 10013] An attempt was made to access a socket in a way forbidden by its access permissions""))",2026-06-04T02:08:20.715800+00:00
ATLAS-SUSY-2018-12-eff,SModelS_metadata,https://raw.githubusercontent.com/SModelS/smodels-database-release/main/13TeV/ATLAS/ATLAS-SUSY-2018-12-eff/SRAT0/dataInfo.txt,,"failed: HTTPSConnectionPool(host='raw.githubusercontent.com', port=443): Max retries exceeded with url: /SModelS/smodels-database-release/main/13TeV/ATLAS/ATLAS-SUSY-2018-12-eff/SRAT0/dataInfo.txt (Caused by NewConnectionError(""HTTPSConnection(host='raw.githubusercontent.com', port=443): Failed to establish a new connection: [WinError 10013] An attempt was made to access a socket in a way forbidden by its access permissions""))",2026-06-04T02:08:20.842833+00:00
ATLAS-SUSY-2018-12-eff,HEPData,https://www.hepdata.net/search/?q=https://arxiv.org/abs/2004.14060,,skipped_no_direct_url,2026-06-04T02:08:20.843804+00:00
ATLAS-SUSY-2018-12-eff,paper_or_aux,https://atlas.web.cern.ch/Atlas/GROUPS/PHYSICS/PAPERS/SUSY-2018-12/,,"failed: HTTPSConnectionPool(host='atlas.web.cern.ch', port=443): Max retries exceeded with url: /Atlas/GROUPS/PHYSICS/PAPERS/SUSY-2018-12/ (Caused by NewConnectionError(""HTTPSConnection(host='atlas.web.cern.ch', port=443): Failed to establish a new connection: [WinError 10013] An attempt was made to access a socket in a way forbidden by its access permissions""))",2026-06-04T02:08:20.921831+00:00
ATLAS-SUSY-2018-13-eff,SModelS_metadata,https://raw.githubusercontent.com/SModelS/smodels-database-release/main/13TeV/ATLAS/ATLAS-SUSY-2018-13-eff/SR_HighPT/dataInfo.txt,,"failed: HTTPSConnectionPool(host='raw.githubusercontent.com', port=443): Max retries exceeded with url: /SModelS/smodels-database-release/main/13TeV/ATLAS/ATLAS-SUSY-2018-13-eff/SR_HighPT/dataInfo.txt (Caused by NewConnectionError(""HTTPSConnection(host='raw.githubusercontent.com', port=443): Failed to establish a new connection: [WinError 10013] An attempt was made to access a socket in a way forbidden by its access permissions""))",2026-06-04T02:08:20.937801+00:00
ATLAS-SUSY-2018-13-eff,HEPData,https://www.hepdata.net/search/?q=https://arxiv.org/abs/2301.13866,,skipped_no_direct_url,2026-06-04T02:08:20.937801+00:00
ATLAS-SUSY-2018-13-eff,paper_or_aux,https://atlas.web.cern.ch/Atlas/GROUPS/PHYSICS/PAPERS/SUSY-2018-13/,,"failed: HTTPSConnectionPool(host='atlas.web.cern.ch', port=443): Max retries exceeded with url: /Atlas/GROUPS/PHYSICS/PAPERS/SUSY-2018-13/ (Caused by NewConnectionError(""HTTPSConnection(host='atlas.web.cern.ch', port=443): Failed to establish a new connection: [WinError 10013] An attempt was made to access a socket in a way forbidden by its access permissions""))",2026-06-04T02:08:21.030830+00:00
ATLAS-SUSY-2018-14-eff,SModelS_metadata,https://raw.githubusercontent.com/SModelS/smodels-database-release/main/13TeV/ATLAS/ATLAS-SUSY-2018-14-eff/SRee/dataInfo.txt,,"failed: HTTPSConnectionPool(host='raw.githubusercontent.com', port=443): Max retries exceeded with url: /SModelS/smodels-database-release/main/13TeV/ATLAS/ATLAS-SUSY-2018-14-eff/SRee/dataInfo.txt (Caused by NewConnectionError(""HTTPSConnection(host='raw.githubusercontent.com', port=443): Failed to establish a new connection: [WinError 10013] An attempt was made to access a socket in a way forbidden by its access permissions""))",2026-06-04T02:08:21.109809+00:00
ATLAS-SUSY-2018-14-eff,HEPData,https://www.hepdata.net/search/?q=https://arxiv.org/abs/2011.07812,,skipped_no_direct_url,2026-06-04T02:08:21.110811+00:00
ATLAS-SUSY-2018-14-eff,paper_or_aux,https://atlas.web.cern.ch/Atlas/GROUPS/PHYSICS/PAPERS/SUSY-2018-14/,,"failed: HTTPSConnectionPool(host='atlas.web.cern.ch', port=443): Max retries exceeded with url: /Atlas/GROUPS/PHYSICS/PAPERS/SUSY-2018-14/ (Caused by NewConnectionError(""HTTPSConnection(host='atlas.web.cern.ch', port=443): Failed to establish a new connection: [WinError 10013] An attempt was made to access a socket in a way forbidden by its access permissions""))",2026-06-04T02:08:21.112801+00:00
ATLAS-SUSY-2018-16-eff,SModelS_metadata,https://raw.githubusercontent.com/SModelS/smodels-database-release/main/13TeV/ATLAS/ATLAS-SUSY-2018-16-eff/SR_ewk_2l_ee_high_c/dataInfo.txt,,"failed: HTTPSConnectionPool(host='raw.githubusercontent.com', port=443): Max retries exceeded with url: /SModelS/smodels-database-release/main/13TeV/ATLAS/ATLAS-SUSY-2018-16-eff/SR_ewk_2l_ee_high_c/dataInfo.txt (Caused by NewConnectionError(""HTTPSConnection(host='raw.githubusercontent.com', port=443): Failed to establish a new connection: [WinError 10013] An attempt was made to access a socket in a way forbidden by its access permissions""))",2026-06-04T02:08:21.116801+00:00
ATLAS-SUSY-2018-16-eff,HEPData,https://www.hepdata.net/search/?q=https://arxiv.org/abs/1911.12606,,skipped_no_direct_url,2026-06-04T02:08:21.116801+00:00
ATLAS-SUSY-2018-16-eff,paper_or_aux,https://atlas.web.cern.ch/Atlas/GROUPS/PHYSICS/PAPERS/SUSY-2018-16/,,"failed: HTTPSConnectionPool(host='atlas.web.cern.ch', port=443): Max retries exceeded with url: /Atlas/GROUPS/PHYSICS/PAPERS/SUSY-2018-16/ (Caused by NewConnectionError(""HTTPSConnection(host='atlas.web.cern.ch', port=443): Failed to establish a new connection: [WinError 10013] An attempt was made to access a socket in a way forbidden by its access permissions""))",2026-06-04T02:08:21.220694+00:00
ATLAS-SUSY-2018-16-hino-eff,SModelS_metadata,https://raw.githubusercontent.com/SModelS/smodels-database-release/main/13TeV/ATLAS/ATLAS-SUSY-2018-16-hino-eff/SR_ewk_1l1T/dataInfo.txt,,"failed: HTTPSConnectionPool(host='raw.githubusercontent.com', port=443): Max retries exceeded with url: /SModelS/smodels-database-release/main/13TeV/ATLAS/ATLAS-SUSY-2018-16-hino-eff/SR_ewk_1l1T/dataInfo.txt (Caused by NewConnectionError(""HTTPSConnection(host='raw.githubusercontent.com', port=443): Failed to establish a new connection: [WinError 10013] An attempt was made to access a socket in a way forbidden by its access permissions""))",2026-06-04T02:08:21.344815+00:00
ATLAS-SUSY-2018-16-hino-eff,HEPData,https://www.hepdata.net/search/?q=https://arxiv.org/abs/1911.12606,,skipped_no_direct_url,2026-06-04T02:08:21.344815+00:00
ATLAS-SUSY-2018-16-hino-eff,paper_or_aux,https://atlas.web.cern.ch/Atlas/GROUPS/PHYSICS/PAPERS/SUSY-2018-16/,,"failed: HTTPSConnectionPool(host='atlas.web.cern.ch', port=443): Max retries exceeded with url: /Atlas/GROUPS/PHYSICS/PAPERS/SUSY-2018-16/ (Caused by NewConnectionError(""HTTPSConnection(host='atlas.web.cern.ch', port=443): Failed to establish a new connection: [WinError 10013] An attempt was made to access a socket in a way forbidden by its access permissions""))",2026-06-04T02:08:21.424980+00:00
ATLAS-SUSY-2018-19-eff,SModelS_metadata,https://raw.githubusercontent.com/SModelS/smodels-database-release/main/13TeV/ATLAS/ATLAS-SUSY-2018-19-eff/SR_EW/dataInfo.txt,,"failed: HTTPSConnectionPool(host='raw.githubusercontent.com', port=443): Max retries exceeded with url: /SModelS/smodels-database-release/main/13TeV/ATLAS/ATLAS-SUSY-2018-19-eff/SR_EW/dataInfo.txt (Caused by NewConnectionError(""HTTPSConnection(host='raw.githubusercontent.com', port=443): Failed to establish a new connection: [WinError 10013] An attempt was made to access a socket in a way forbidden by its access permissions""))",2026-06-04T02:08:21.548268+00:00
ATLAS-SUSY-2018-19-eff,HEPData,https://www.hepdata.net/search/?q=https://arxiv.org/abs/2201.02472,,skipped_no_direct_url,2026-06-04T02:08:21.549218+00:00
ATLAS-SUSY-2018-19-eff,paper_or_aux,https://atlas.web.cern.ch/Atlas/GROUPS/PHYSICS/PAPERS/SUSY-2018-19/,,"failed: HTTPSConnectionPool(host='atlas.web.cern.ch', port=443): Max retries exceeded with url: /Atlas/GROUPS/PHYSICS/PAPERS/SUSY-2018-19/ (Caused by NewConnectionError(""HTTPSConnection(host='atlas.web.cern.ch', port=443): Failed to establish a new connection: [WinError 10013] An attempt was made to access a socket in a way forbidden by its access permissions""))",2026-06-04T02:08:21.625311+00:00
ATLAS-SUSY-2018-22-eff,SModelS_metadata,https://raw.githubusercontent.com/SModelS/smodels-database-release/main/13TeV/ATLAS/ATLAS-SUSY-2018-22-eff/BDT_GGd1/dataInfo.txt,,"failed: HTTPSConnectionPool(host='raw.githubusercontent.com', port=443): Max retries exceeded with url: /SModelS/smodels-database-release/main/13TeV/ATLAS/ATLAS-SUSY-2018-22-eff/BDT_GGd1/dataInfo.txt (Caused by NewConnectionError(""HTTPSConnection(host='raw.githubusercontent.com', port=443): Failed to establish a new connection: [WinError 10013] An attempt was made to access a socket in a way forbidden by its access permissions""))",2026-06-04T02:08:21.750210+00:00
ATLAS-SUSY-2018-22-eff,HEPData,https://www.hepdata.net/search/?q=https://arxiv.org/abs/2010.14293,,skipped_no_direct_url,2026-06-04T02:08:21.750210+00:00
ATLAS-SUSY-2018-22-eff,paper_or_aux,https://atlas.web.cern.ch/Atlas/GROUPS/PHYSICS/PAPERS/SUSY-2018-22/,,"failed: HTTPSConnectionPool(host='atlas.web.cern.ch', port=443): Max retries exceeded with url: /Atlas/GROUPS/PHYSICS/PAPERS/SUSY-2018-22/ (Caused by NewConnectionError(""HTTPSConnection(host='atlas.web.cern.ch', port=443): Failed to establish a new connection: [WinError 10013] An attempt was made to access a socket in a way forbidden by its access permissions""))",2026-06-04T02:08:21.844187+00:00
ATLAS-SUSY-2018-22-multibin-eff,SModelS_metadata,https://raw.githubusercontent.com/SModelS/smodels-database-release/main/13TeV/ATLAS/ATLAS-SUSY-2018-22-multibin-eff/MB-C-2-1600-16/dataInfo.txt,,"failed: HTTPSConnectionPool(host='raw.githubusercontent.com', port=443): Max retries exceeded with url: /SModelS/smodels-database-release/main/13TeV/ATLAS/ATLAS-SUSY-2018-22-multibin-eff/MB-C-2-1600-16/dataInfo.txt (Caused by NewConnectionError(""HTTPSConnection(host='raw.githubusercontent.com', port=443): Failed to establish a new connection: [WinError 10013] An attempt was made to access a socket in a way forbidden by its access permissions""))",2026-06-04T02:08:21.876179+00:00
ATLAS-SUSY-2018-22-multibin-eff,HEPData,https://www.hepdata.net/search/?q=https://arxiv.org/abs/2010.14293,,skipped_no_direct_url,2026-06-04T02:08:21.876179+00:00
ATLAS-SUSY-2018-22-multibin-eff,paper_or_aux,https://atlas.web.cern.ch/Atlas/GROUPS/PHYSICS/PAPERS/SUSY-2018-22/,,"failed: HTTPSConnectionPool(host='atlas.web.cern.ch', port=443): Max retries exceeded with url: /Atlas/GROUPS/PHYSICS/PAPERS/SUSY-2018-22/ (Caused by NewConnectionError(""HTTPSConnection(host='atlas.web.cern.ch', port=443): Failed to establish a new connection: [WinError 10013] An attempt was made to access a socket in a way forbidden by its access permissions""))",2026-06-04T02:08:21.953319+00:00
ATLAS-SUSY-2018-31-eff,SModelS_metadata,https://raw.githubusercontent.com/SModelS/smodels-database-release/main/13TeV/ATLAS/ATLAS-SUSY-2018-31-eff/SRA_H/dataInfo.txt,,"failed: HTTPSConnectionPool(host='raw.githubusercontent.com', port=443): Max retries exceeded with url: /SModelS/smodels-database-release/main/13TeV/ATLAS/ATLAS-SUSY-2018-31-eff/SRA_H/dataInfo.txt (Caused by NewConnectionError(""HTTPSConnection(host='raw.githubusercontent.com', port=443): Failed to establish a new connection: [WinError 10013] An attempt was made to access a socket in a way forbidden by its access permissions""))",2026-06-04T02:08:22.045091+00:00
ATLAS-SUSY-2018-31-eff,HEPData,https://www.hepdata.net/search/?q=https://arxiv.org/abs/1908.03122,,skipped_no_direct_url,2026-06-04T02:08:22.046092+00:00
ATLAS-SUSY-2018-31-eff,paper_or_aux,https://atlas.web.cern.ch/Atlas/GROUPS/PHYSICS/PAPERS/SUSY-2018-31/,,"failed: HTTPSConnectionPool(host='atlas.web.cern.ch', port=443): Max retries exceeded with url: /Atlas/GROUPS/PHYSICS/PAPERS/SUSY-2018-31/ (Caused by NewConnectionError(""HTTPSConnection(host='atlas.web.cern.ch', port=443): Failed to establish a new connection: [WinError 10013] An attempt was made to access a socket in a way forbidden by its access permissions""))",2026-06-04T02:08:22.076047+00:00
ATLAS-SUSY-2018-32-eff,SModelS_metadata,https://raw.githubusercontent.com/SModelS/smodels-database-release/main/13TeV/ATLAS/ATLAS-SUSY-2018-32-eff/SRDF_0a_cuts/dataInfo.txt,,"failed: HTTPSConnectionPool(host='raw.githubusercontent.com', port=443): Max retries exceeded with url: /SModelS/smodels-database-release/main/13TeV/ATLAS/ATLAS-SUSY-2018-32-eff/SRDF_0a_cuts/dataInfo.txt (Caused by NewConnectionError(""HTTPSConnection(host='raw.githubusercontent.com', port=443): Failed to establish a new connection: [WinError 10013] An attempt was made to access a socket in a way forbidden by its access permissions""))",2026-06-04T02:08:22.202663+00:00
ATLAS-SUSY-2018-32-eff,HEPData,https://www.hepdata.net/search/?q=https://arxiv.org/abs/1908.08215,,skipped_no_direct_url,2026-06-04T02:08:22.202663+00:00
ATLAS-SUSY-2018-32-eff,paper_or_aux,https://atlas.web.cern.ch/Atlas/GROUPS/PHYSICS/PAPERS/SUSY-2018-32/,,"failed: HTTPSConnectionPool(host='atlas.web.cern.ch', port=443): Max retries exceeded with url: /Atlas/GROUPS/PHYSICS/PAPERS/SUSY-2018-32/ (Caused by NewConnectionError(""HTTPSConnection(host='atlas.web.cern.ch', port=443): Failed to establish a new connection: [WinError 10013] An attempt was made to access a socket in a way forbidden by its access permissions""))",2026-06-04T02:08:22.295664+00:00
ATLAS-SUSY-2018-33-eff,SModelS_metadata,https://raw.githubusercontent.com/SModelS/smodels-database-release/main/13TeV/ATLAS/ATLAS-SUSY-2018-33-eff/SR_MET/dataInfo.txt,,"failed: HTTPSConnectionPool(host='raw.githubusercontent.com', port=443): Max retries exceeded with url: /SModelS/smodels-database-release/main/13TeV/ATLAS/ATLAS-SUSY-2018-33-eff/SR_MET/dataInfo.txt (Caused by NewConnectionError(""HTTPSConnection(host='raw.githubusercontent.com', port=443): Failed to establish a new connection: [WinError 10013] An attempt was made to access a socket in a way forbidden by its access permissions""))",2026-06-04T02:08:22.390657+00:00
ATLAS-SUSY-2018-33-eff,HEPData,https://www.hepdata.net/search/?q=https://arxiv.org/abs/2003.11956,,skipped_no_direct_url,2026-06-04T02:08:22.391659+00:00
ATLAS-SUSY-2018-33-eff,paper_or_aux,https://atlas.web.cern.ch/Atlas/GROUPS/PHYSICS/PAPERS/SUSY-2018-33/,,"failed: HTTPSConnectionPool(host='atlas.web.cern.ch', port=443): Max retries exceeded with url: /Atlas/GROUPS/PHYSICS/PAPERS/SUSY-2018-33/ (Caused by NewConnectionError(""HTTPSConnection(host='atlas.web.cern.ch', port=443): Failed to establish a new connection: [WinError 10013] An attempt was made to access a socket in a way forbidden by its access permissions""))",2026-06-04T02:08:22.484293+00:00
ATLAS-SUSY-2018-40-eff,SModelS_metadata,https://raw.githubusercontent.com/SModelS/smodels-database-release/main/13TeV/ATLAS/ATLAS-SUSY-2018-40-eff/MultiBin1/dataInfo.txt,,"failed: HTTPSConnectionPool(host='raw.githubusercontent.com', port=443): Max retries exceeded with url: /SModelS/smodels-database-release/main/13TeV/ATLAS/ATLAS-SUSY-2018-40-eff/MultiBin1/dataInfo.txt (Caused by NewConnectionError(""HTTPSConnection(host='raw.githubusercontent.com', port=443): Failed to establish a new connection: [WinError 10013] An attempt was made to access a socket in a way forbidden by its access permissions""))",2026-06-04T02:08:22.593324+00:00
ATLAS-SUSY-2018-40-eff,HEPData,https://www.hepdata.net/search/?q=https://arxiv.org/abs/2103.08189,,skipped_no_direct_url,2026-06-04T02:08:22.593324+00:00
ATLAS-SUSY-2018-40-eff,paper_or_aux,https://atlas.web.cern.ch/Atlas/GROUPS/PHYSICS/PAPERS/SUSY-2018-40/,,"failed: HTTPSConnectionPool(host='atlas.web.cern.ch', port=443): Max retries exceeded with url: /Atlas/GROUPS/PHYSICS/PAPERS/SUSY-2018-40/ (Caused by NewConnectionError(""HTTPSConnection(host='atlas.web.cern.ch', port=443): Failed to establish a new connection: [WinError 10013] An attempt was made to access a socket in a way forbidden by its access permissions""))",2026-06-04T02:08:22.685641+00:00
ATLAS-SUSY-2018-41-eff,SModelS_metadata,https://raw.githubusercontent.com/SModelS/smodels-database-release/main/13TeV/ATLAS/ATLAS-SUSY-2018-41-eff/SR-2B2Q-VZ/dataInfo.txt,,"failed: HTTPSConnectionPool(host='raw.githubusercontent.com', port=443): Max retries exceeded with url: /SModelS/smodels-database-release/main/13TeV/ATLAS/ATLAS-SUSY-2018-41-eff/SR-2B2Q-VZ/dataInfo.txt (Caused by NewConnectionError(""HTTPSConnection(host='raw.githubusercontent.com', port=443): Failed to establish a new connection: [WinError 10013] An attempt was made to access a socket in a way forbidden by its access permissions""))",2026-06-04T02:08:22.779704+00:00
ATLAS-SUSY-2018-41-eff,HEPData,https://www.hepdata.net/search/?q=https://arxiv.org/abs/2108.07586,,skipped_no_direct_url,2026-06-04T02:08:22.779704+00:00
ATLAS-SUSY-2018-41-eff,paper_or_aux,https://atlas.web.cern.ch/Atlas/GROUPS/PHYSICS/PAPERS/SUSY-2018-41/,,"failed: HTTPSConnectionPool(host='atlas.web.cern.ch', port=443): Max retries exceeded with url: /Atlas/GROUPS/PHYSICS/PAPERS/SUSY-2018-41/ (Caused by NewConnectionError(""HTTPSConnection(host='atlas.web.cern.ch', port=443): Failed to establish a new connection: [WinError 10013] An attempt was made to access a socket in a way forbidden by its access permissions""))",2026-06-04T02:08:22.872990+00:00
ATLAS-SUSY-2018-42-eff,SModelS_metadata,https://raw.githubusercontent.com/SModelS/smodels-database-release/main/13TeV/ATLAS/ATLAS-SUSY-2018-42-eff/SR1000_High_long/dataInfo.txt,,"failed: HTTPSConnectionPool(host='raw.githubusercontent.com', port=443): Max retries exceeded with url: /SModelS/smodels-database-release/main/13TeV/ATLAS/ATLAS-SUSY-2018-42-eff/SR1000_High_long/dataInfo.txt (Caused by NewConnectionError(""HTTPSConnection(host='raw.githubusercontent.com', port=443): Failed to establish a new connection: [WinError 10013] An attempt was made to access a socket in a way forbidden by its access permissions""))",2026-06-04T02:08:22.998096+00:00
ATLAS-SUSY-2018-42-eff,HEPData,https://www.hepdata.net/search/?q=https://arxiv.org/abs/2205.06013,,skipped_no_direct_url,2026-06-04T02:08:22.998974+00:00
ATLAS-SUSY-2018-42-eff,paper_or_aux,https://atlas.web.cern.ch/Atlas/GROUPS/PHYSICS/PAPERS/SUSY-2018-42/,,"failed: HTTPSConnectionPool(host='atlas.web.cern.ch', port=443): Max retries exceeded with url: /Atlas/GROUPS/PHYSICS/PAPERS/SUSY-2018-42/ (Caused by NewConnectionError(""HTTPSConnection(host='atlas.web.cern.ch', port=443): Failed to establish a new connection: [WinError 10013] An attempt was made to access a socket in a way forbidden by its access permissions""))",2026-06-04T02:08:23.091370+00:00
ATLAS-SUSY-2019-02-eff,SModelS_metadata,https://raw.githubusercontent.com/SModelS/smodels-database-release/main/13TeV/ATLAS/ATLAS-SUSY-2019-02-eff/DF_8125_815/dataInfo.txt,,"failed: HTTPSConnectionPool(host='raw.githubusercontent.com', port=443): Max retries exceeded with url: /SModelS/smodels-database-release/main/13TeV/ATLAS/ATLAS-SUSY-2019-02-eff/DF_8125_815/dataInfo.txt (Caused by NewConnectionError(""HTTPSConnection(host='raw.githubusercontent.com', port=443): Failed to establish a new connection: [WinError 10013] An attempt was made to access a socket in a way forbidden by its access permissions""))",2026-06-04T02:08:23.215337+00:00
ATLAS-SUSY-2019-02-eff,HEPData,https://www.hepdata.net/search/?q=https://arxiv.org/abs/2209.13935,,skipped_no_direct_url,2026-06-04T02:08:23.215337+00:00
ATLAS-SUSY-2019-02-eff,paper_or_aux,https://atlas.web.cern.ch/Atlas/GROUPS/PHYSICS/PAPERS/SUSY-2019-02/,,"failed: HTTPSConnectionPool(host='atlas.web.cern.ch', port=443): Max retries exceeded with url: /Atlas/GROUPS/PHYSICS/PAPERS/SUSY-2019-02/ (Caused by NewConnectionError(""HTTPSConnection(host='atlas.web.cern.ch', port=443): Failed to establish a new connection: [WinError 10013] An attempt was made to access a socket in a way forbidden by its access permissions""))",2026-06-04T02:08:23.278390+00:00
ATLAS-SUSY-2019-08-eff,SModelS_metadata,https://raw.githubusercontent.com/SModelS/smodels-database-release/main/13TeV/ATLAS/ATLAS-SUSY-2019-08-eff/SR_HM_High_MCT/dataInfo.txt,,"failed: HTTPSConnectionPool(host='raw.githubusercontent.com', port=443): Max retries exceeded with url: /SModelS/smodels-database-release/main/13TeV/ATLAS/ATLAS-SUSY-2019-08-eff/SR_HM_High_MCT/dataInfo.txt (Caused by NewConnectionError(""HTTPSConnection(host='raw.githubusercontent.com', port=443): Failed to establish a new connection: [WinError 10013] An attempt was made to access a socket in a way forbidden by its access permissions""))",2026-06-04T02:08:23.387874+00:00
ATLAS-SUSY-2019-08-eff,HEPData,https://www.hepdata.net/search/?q=https://arxiv.org/abs/1909.09226,,skipped_no_direct_url,2026-06-04T02:08:23.388792+00:00
ATLAS-SUSY-2019-08-eff,paper_or_aux,https://atlas.web.cern.ch/Atlas/GROUPS/PHYSICS/PAPERS/SUSY-2019-08/,,"failed: HTTPSConnectionPool(host='atlas.web.cern.ch', port=443): Max retries exceeded with url: /Atlas/GROUPS/PHYSICS/PAPERS/SUSY-2019-08/ (Caused by NewConnectionError(""HTTPSConnection(host='atlas.web.cern.ch', port=443): Failed to establish a new connection: [WinError 10013] An attempt was made to access a socket in a way forbidden by its access permissions""))",2026-06-04T02:08:23.480655+00:00
ATLAS-SUSY-2019-09-eff,SModelS_metadata,https://raw.githubusercontent.com/SModelS/smodels-database-release/main/13TeV/ATLAS/ATLAS-SUSY-2019-09-eff/SRWZ_1/dataInfo.txt,,"failed: HTTPSConnectionPool(host='raw.githubusercontent.com', port=443): Max retries exceeded with url: /SModelS/smodels-database-release/main/13TeV/ATLAS/ATLAS-SUSY-2019-09-eff/SRWZ_1/dataInfo.txt (Caused by NewConnectionError(""HTTPSConnection(host='raw.githubusercontent.com', port=443): Failed to establish a new connection: [WinError 10013] An attempt was made to access a socket in a way forbidden by its access permissions""))",2026-06-04T02:08:23.603879+00:00
ATLAS-SUSY-2019-09-eff,HEPData,https://www.hepdata.net/search/?q=https://arxiv.org/abs/2106.01676,,skipped_no_direct_url,2026-06-04T02:08:23.604911+00:00
ATLAS-SUSY-2019-09-eff,paper_or_aux,https://atlas.web.cern.ch/Atlas/GROUPS/PHYSICS/PAPERS/SUSY-2019-09/,,"failed: HTTPSConnectionPool(host='atlas.web.cern.ch', port=443): Max retries exceeded with url: /Atlas/GROUPS/PHYSICS/PAPERS/SUSY-2019-09/ (Caused by NewConnectionError(""HTTPSConnection(host='atlas.web.cern.ch', port=443): Failed to establish a new connection: [WinError 10013] An attempt was made to access a socket in a way forbidden by its access permissions""))",2026-06-04T02:08:23.696810+00:00
CMS-PAS-SUS-16-052-agg,SModelS_metadata,https://raw.githubusercontent.com/SModelS/smodels-database-release/main/13TeV/CMS/CMS-PAS-SUS-16-052-agg/ar1/dataInfo.txt,,"failed: HTTPSConnectionPool(host='raw.githubusercontent.com', port=443): Max retries exceeded with url: /SModelS/smodels-database-release/main/13TeV/CMS/CMS-PAS-SUS-16-052-agg/ar1/dataInfo.txt (Caused by NewConnectionError(""HTTPSConnection(host='raw.githubusercontent.com', port=443): Failed to establish a new connection: [WinError 10013] An attempt was made to access a socket in a way forbidden by its access permissions""))",2026-06-04T02:08:23.775467+00:00
CMS-PAS-SUS-16-052-agg,HEPData,https://www.hepdata.net/search/?q=CMS-PAS-SUS-16-052-agg,,skipped_no_direct_url,2026-06-04T02:08:23.775467+00:00
CMS-PAS-SUS-16-052-agg,paper_or_aux,http://cms-results.web.cern.ch/cms-results/public-results/preliminary-results/SUS-16-052/index.html,,"failed: HTTPConnectionPool(host='cms-results.web.cern.ch', port=80): Max retries exceeded with url: /cms-results/public-results/preliminary-results/SUS-16-052/index.html (Caused by NewConnectionError(""HTTPConnection(host='cms-results.web.cern.ch', port=80): Failed to establish a new connection: [WinError 10013] An attempt was made to access a socket in a way forbidden by its access permissions""))",2026-06-04T02:08:23.900150+00:00
CMS-SUS-16-033-eff,SModelS_metadata,https://raw.githubusercontent.com/SModelS/smodels-database-release/main/13TeV/CMS/CMS-SUS-16-033-eff/SR10_Njet9_Nb3_HT750_MHT750/dataInfo.txt,,"failed: HTTPSConnectionPool(host='raw.githubusercontent.com', port=443): Max retries exceeded with url: /SModelS/smodels-database-release/main/13TeV/CMS/CMS-SUS-16-033-eff/SR10_Njet9_Nb3_HT750_MHT750/dataInfo.txt (Caused by NewConnectionError(""HTTPSConnection(host='raw.githubusercontent.com', port=443): Failed to establish a new connection: [WinError 10013] An attempt was made to access a socket in a way forbidden by its access permissions""))",2026-06-04T02:08:24.026156+00:00
CMS-SUS-16-033-eff,HEPData,https://www.hepdata.net/search/?q=https://arxiv.org/abs/1704.07781,,skipped_no_direct_url,2026-06-04T02:08:24.026156+00:00
CMS-SUS-16-033-eff,paper_or_aux,http://cms-results.web.cern.ch/cms-results/public-results/publications/SUS-16-033/index.html,,"failed: HTTPConnectionPool(host='cms-results.web.cern.ch', port=80): Max retries exceeded with url: /cms-results/public-results/publications/SUS-16-033/index.html (Caused by NewConnectionError(""HTTPConnection(host='cms-results.web.cern.ch', port=80): Failed to establish a new connection: [WinError 10013] An attempt was made to access a socket in a way forbidden by its access permissions""))",2026-06-04T02:08:24.057123+00:00
CMS-SUS-16-039-agg,SModelS_metadata,https://raw.githubusercontent.com/SModelS/smodels-database-release/main/13TeV/CMS/CMS-SUS-16-039-agg/AR1/dataInfo.txt,,"failed: HTTPSConnectionPool(host='raw.githubusercontent.com', port=443): Max retries exceeded with url: /SModelS/smodels-database-release/main/13TeV/CMS/CMS-SUS-16-039-agg/AR1/dataInfo.txt (Caused by NewConnectionError(""HTTPSConnection(host='raw.githubusercontent.com', port=443): Failed to establish a new connection: [WinError 10013] An attempt was made to access a socket in a way forbidden by its access permissions""))",2026-06-04T02:08:24.060126+00:00
CMS-SUS-16-039-agg,HEPData,https://www.hepdata.net/search/?q=https://arxiv.org/abs/1709.05406,,skipped_no_direct_url,2026-06-04T02:08:24.060126+00:00
CMS-SUS-16-039-agg,paper_or_aux,http://cms-results.web.cern.ch/cms-results/public-results/publications/SUS-16-039/index.html,,"failed: HTTPConnectionPool(host='cms-results.web.cern.ch', port=80): Max retries exceeded with url: /cms-results/public-results/publications/SUS-16-039/index.html (Caused by NewConnectionError(""HTTPConnection(host='cms-results.web.cern.ch', port=80): Failed to establish a new connection: [WinError 10013] An attempt was made to access a socket in a way forbidden by its access permissions""))",2026-06-04T02:08:24.149181+00:00
CMS-SUS-16-048-ma5,SModelS_metadata,https://raw.githubusercontent.com/SModelS/smodels-database-release/main/13TeV/CMS/CMS-SUS-16-048-ma5/Ewkino_highMET_M_10to20/dataInfo.txt,,"failed: HTTPSConnectionPool(host='raw.githubusercontent.com', port=443): Max retries exceeded with url: /SModelS/smodels-database-release/main/13TeV/CMS/CMS-SUS-16-048-ma5/Ewkino_highMET_M_10to20/dataInfo.txt (Caused by NewConnectionError(""HTTPSConnection(host='raw.githubusercontent.com', port=443): Failed to establish a new connection: [WinError 10013] An attempt was made to access a socket in a way forbidden by its access permissions""))",2026-06-04T02:08:24.259180+00:00
CMS-SUS-16-048-ma5,HEPData,https://www.hepdata.net/search/?q=https://arxiv.org/abs/1801.01846,,skipped_no_direct_url,2026-06-04T02:08:24.259180+00:00
CMS-SUS-16-048-ma5,paper_or_aux,http://cms-results.web.cern.ch/cms-results/public-results/publications/SUS-16-048/index.html,,"failed: HTTPConnectionPool(host='cms-results.web.cern.ch', port=80): Max retries exceeded with url: /cms-results/public-results/publications/SUS-16-048/index.html (Caused by NewConnectionError(""HTTPConnection(host='cms-results.web.cern.ch', port=80): Failed to establish a new connection: [WinError 10013] An attempt was made to access a socket in a way forbidden by its access permissions""))",2026-06-04T02:08:24.353212+00:00
CMS-SUS-16-050-agg,SModelS_metadata,https://raw.githubusercontent.com/SModelS/smodels-database-release/main/13TeV/CMS/CMS-SUS-16-050-agg/ar1/dataInfo.txt,,"failed: HTTPSConnectionPool(host='raw.githubusercontent.com', port=443): Max retries exceeded with url: /SModelS/smodels-database-release/main/13TeV/CMS/CMS-SUS-16-050-agg/ar1/dataInfo.txt (Caused by NewConnectionError(""HTTPSConnection(host='raw.githubusercontent.com', port=443): Failed to establish a new connection: [WinError 10013] An attempt was made to access a socket in a way forbidden by its access permissions""))",2026-06-04T02:08:24.479308+00:00
CMS-SUS-16-050-agg,HEPData,https://www.hepdata.net/search/?q=https://arxiv.org/abs/1710.11188,,skipped_no_direct_url,2026-06-04T02:08:24.479308+00:00
CMS-SUS-16-050-agg,paper_or_aux,http://cms-results.web.cern.ch/cms-results/public-results/publications/SUS-16-050/index.html,,"failed: HTTPConnectionPool(host='cms-results.web.cern.ch', port=80): Max retries exceeded with url: /cms-results/public-results/publications/SUS-16-050/index.html (Caused by NewConnectionError(""HTTPConnection(host='cms-results.web.cern.ch', port=80): Failed to establish a new connection: [WinError 10013] An attempt was made to access a socket in a way forbidden by its access permissions""))",2026-06-04T02:08:24.571820+00:00
CMS-SUS-19-006-agg,SModelS_metadata,https://raw.githubusercontent.com/SModelS/smodels-database-release/main/13TeV/CMS/CMS-SUS-19-006-agg/AR26/dataInfo.txt,,"failed: HTTPSConnectionPool(host='raw.githubusercontent.com', port=443): Max retries exceeded with url: /SModelS/smodels-database-release/main/13TeV/CMS/CMS-SUS-19-006-agg/AR26/dataInfo.txt (Caused by NewConnectionError(""HTTPSConnection(host='raw.githubusercontent.com', port=443): Failed to establish a new connection: [WinError 10013] An attempt was made to access a socket in a way forbidden by its access permissions""))",2026-06-04T02:08:24.679178+00:00
CMS-SUS-19-006-agg,HEPData,https://www.hepdata.net/search/?q=https://arxiv.org/abs/1908.04722,,skipped_no_direct_url,2026-06-04T02:08:24.680057+00:00
CMS-SUS-19-006-agg,paper_or_aux,http://cms-results.web.cern.ch/cms-results/public-results/publications/SUS-19-006/index.html,,"failed: HTTPConnectionPool(host='cms-results.web.cern.ch', port=80): Max retries exceeded with url: /cms-results/public-results/publications/SUS-19-006/index.html (Caused by NewConnectionError(""HTTPConnection(host='cms-results.web.cern.ch', port=80): Failed to establish a new connection: [WinError 10013] An attempt was made to access a socket in a way forbidden by its access permissions""))",2026-06-04T02:08:24.773859+00:00
CMS-SUS-20-004-eff,SModelS_metadata,https://raw.githubusercontent.com/SModelS/smodels-database-release/main/13TeV/CMS/CMS-SUS-20-004-eff/SR1/dataInfo.txt,,"failed: HTTPSConnectionPool(host='raw.githubusercontent.com', port=443): Max retries exceeded with url: /SModelS/smodels-database-release/main/13TeV/CMS/CMS-SUS-20-004-eff/SR1/dataInfo.txt (Caused by NewConnectionError(""HTTPSConnection(host='raw.githubusercontent.com', port=443): Failed to establish a new connection: [WinError 10013] An attempt was made to access a socket in a way forbidden by its access permissions""))",2026-06-04T02:08:24.899392+00:00
CMS-SUS-20-004-eff,HEPData,https://www.hepdata.net/search/?q=https://arxiv.org/abs/2201.04206,,skipped_no_direct_url,2026-06-04T02:08:24.899392+00:00
CMS-SUS-20-004-eff,paper_or_aux,http://cms-results.web.cern.ch/cms-results/public-results/publications/SUS-20-004/,,"failed: HTTPConnectionPool(host='cms-results.web.cern.ch', port=80): Max retries exceeded with url: /cms-results/public-results/publications/SUS-20-004/ (Caused by NewConnectionError(""HTTPConnection(host='cms-results.web.cern.ch', port=80): Failed to establish a new connection: [WinError 10013] An attempt was made to access a socket in a way forbidden by its access permissions""))",2026-06-04T02:08:24.993834+00:00
CMS-SUS-21-002-eff,SModelS_metadata,https://raw.githubusercontent.com/SModelS/smodels-database-release/main/13TeV/CMS/CMS-SUS-21-002-eff/H_SR0/dataInfo.txt,,"failed: HTTPSConnectionPool(host='raw.githubusercontent.com', port=443): Max retries exceeded with url: /SModelS/smodels-database-release/main/13TeV/CMS/CMS-SUS-21-002-eff/H_SR0/dataInfo.txt (Caused by NewConnectionError(""HTTPSConnection(host='raw.githubusercontent.com', port=443): Failed to establish a new connection: [WinError 10013] An attempt was made to access a socket in a way forbidden by its access permissions""))",2026-06-04T02:08:25.055808+00:00
CMS-SUS-21-002-eff,HEPData,https://www.hepdata.net/search/?q=https://arxiv.org/abs/2205.09597,,skipped_no_direct_url,2026-06-04T02:08:25.056814+00:00
CMS-SUS-21-002-eff,paper_or_aux,http://cms-results.web.cern.ch/cms-results/public-results/publications/SUS-21-002/,,"failed: HTTPConnectionPool(host='cms-results.web.cern.ch', port=80): Max retries exceeded with url: /cms-results/public-results/publications/SUS-21-002/ (Caused by NewConnectionError(""HTTPConnection(host='cms-results.web.cern.ch', port=80): Failed to establish a new connection: [WinError 10013] An attempt was made to access a socket in a way forbidden by its access permissions""))",2026-06-04T02:08:25.058801+00:00
